split_seed,label,layer,token_position,pooling_mode,val_macro_f1,test_macro_f1,raw_test_macro_f1,shuffled_test_macro_f1,moment_minus_raw,moment_minus_shuffled
42,cardinality_bucket,9,all_context,series_mean,0.2853019555270644,0.2679071004477694,0.6784150962271634,0.2068234404197317,-0.41050799577939406,0.061083660028037695
43,cardinality_bucket,6,all_context,series_mean,0.2809623026336249,0.2630407365458859,0.6728059242307052,0.2110587565733331,-0.4097651876848193,0.0519819799725528
44,cardinality_bucket,9,all_context,series_mean,0.2728200894256587,0.2477942694276833,0.6594733864525769,0.2195429924270731,-0.4116791170248936,0.028251277000610198
45,cardinality_bucket,11,all_context,series_mean,0.2568197724018758,0.2542159393412572,0.6732499095651246,0.2177344933367453,-0.41903397022386746,0.03648144600451189
46,cardinality_bucket,9,all_context,series_mean,0.247078852514961,0.2619350216615649,0.6546735920651324,0.2028858513217068,-0.3927385704035675,0.0590491703398581
42,domain,3,all_context,series_mean,0.4321294361581802,0.4250120722448169,0.315975977835506,0.3080885880834887,0.10903609440931089,0.1169234841613282
43,domain,11,all_context,series_mean,0.4357610713236881,0.4400706848134063,0.3673299904669513,0.3000595527222477,0.07274069434645497,0.14001113209115856
44,domain,9,all_context,series_mean,0.4529569177216161,0.4257392187917199,0.3026730793911389,0.3051506097525344,0.12306613940058098,0.1205886090391855
45,domain,6,all_context,series_mean,0.4490900178121265,0.4432715019011159,0.3426366755589936,0.3202349926977155,0.10063482634212234,0.12303650920340042
46,domain,3,all_context,series_mean,0.4621399909918131,0.4513823526136621,0.355476396450138,0.3237660355155085,0.0959059561635241,0.12761631709815363
42,frequency_bucket,11,all_context,series_mean,0.6819723193872986,0.6605861985784015,0.4078195488721804,0.45638433155286,0.2527666497062211,0.2042018670255415
43,frequency_bucket,11,all_context,series_mean,0.6614720174792863,0.6856749587389286,0.4863455553914403,0.4383810830918741,0.19932940334748828,0.24729387564705446
44,frequency_bucket,9,all_context,series_mean,0.4509878758316574,0.4746692421357661,0.2703720174924363,0.2656013408933058,0.20429722464332983,0.20906790124246033
45,frequency_bucket,9,all_context,series_mean,0.6751804403229491,0.6981956476459337,0.4161328239788422,0.4662278138953541,0.28206282366709146,0.23196783375057956
46,frequency_bucket,6,all_context,series_mean,0.684398394916974,0.6407998663171842,0.4251779929541072,0.4443239433158767,0.21562187336307703,0.1964759230013075
42,metric_type,9,all_context,series_mean,0.5173177445902796,0.4703095387287248,0.2963954301945577,0.2971623694223492,0.17391410853416706,0.17314716930637558
43,metric_type,11,all_context,series_mean,0.4940939978130387,0.5025603117440268,0.386371356094542,0.3060294373778396,0.11618895564948484,0.1965308743661872
44,metric_type,9,all_context,series_mean,0.4797938338865066,0.5168240908045993,0.3463346852596475,0.2930401080869245,0.17048940554495184,0.22378398271767486
45,metric_type,9,all_context,series_mean,0.5248439641153161,0.4944455886824455,0.3582054753465131,0.3154959583906875,0.1362401133359324,0.17894963029175798
46,metric_type,9,all_context,series_mean,0.5067673554985549,0.508680396811926,0.3671418610108997,0.291868702136927,0.14153853580102632,0.216811694674999
