split_seed,blend,series_count,series_id_sha256,context_length,num_samples,n_windows,probe_sha256
42,0.25,422,02e40f3c634d2ff5cfa9a59a269e9911f313963f79f352f118059137352b5cc9,1024,16,1068,a666644f5e8fb15e0ec67693b36274d0703b907deb81000a85c9f5c64ed4a5de
43,0.25,422,70f537d18a7a5da2346ebb17c600b1acb261df3fe762c5a0b263c7adbaf876fa,1024,16,1032,e3e3c4d20049c264b42c32903a056a0b89eca53f19090e495b760f71b78ab426
44,0.25,422,4cb030c80d560ae4173109bd4979fbedd4aa512c68991a0d723df92dc00722bc,1024,16,1032,a539526c3f8e9db8cfac3e08dd9ebb82ade531ef6fd78bccf397a265cb8a6b81
45,0.25,422,e74599b818858ca3a83b3ff366000efb4a27a0b40bb6623774a64d5b629d34e5,1024,16,1056,d9b5bd75b6af3dac62d6101e101e249da8ef1f0f5af0e40822500159d6f8039e
46,0.25,422,d7892eaf8140c183ee99087522f666295098581009f03456de49853e28f0dc35,1024,16,1047,6776afa44aff1e3b81b73d6b1542af6349eb85d6e815f061b939f8ceabd200d9
42,0.5,422,02e40f3c634d2ff5cfa9a59a269e9911f313963f79f352f118059137352b5cc9,1024,16,1068,a666644f5e8fb15e0ec67693b36274d0703b907deb81000a85c9f5c64ed4a5de
43,0.5,422,70f537d18a7a5da2346ebb17c600b1acb261df3fe762c5a0b263c7adbaf876fa,1024,16,1032,e3e3c4d20049c264b42c32903a056a0b89eca53f19090e495b760f71b78ab426
44,0.5,422,4cb030c80d560ae4173109bd4979fbedd4aa512c68991a0d723df92dc00722bc,1024,16,1032,a539526c3f8e9db8cfac3e08dd9ebb82ade531ef6fd78bccf397a265cb8a6b81
45,0.5,422,e74599b818858ca3a83b3ff366000efb4a27a0b40bb6623774a64d5b629d34e5,1024,16,1056,d9b5bd75b6af3dac62d6101e101e249da8ef1f0f5af0e40822500159d6f8039e
46,0.5,422,d7892eaf8140c183ee99087522f666295098581009f03456de49853e28f0dc35,1024,16,1047,6776afa44aff1e3b81b73d6b1542af6349eb85d6e815f061b939f8ceabd200d9
42,1.0,422,02e40f3c634d2ff5cfa9a59a269e9911f313963f79f352f118059137352b5cc9,1024,16,1068,a666644f5e8fb15e0ec67693b36274d0703b907deb81000a85c9f5c64ed4a5de
43,1.0,422,70f537d18a7a5da2346ebb17c600b1acb261df3fe762c5a0b263c7adbaf876fa,1024,16,1032,e3e3c4d20049c264b42c32903a056a0b89eca53f19090e495b760f71b78ab426
44,1.0,422,4cb030c80d560ae4173109bd4979fbedd4aa512c68991a0d723df92dc00722bc,1024,16,1032,a539526c3f8e9db8cfac3e08dd9ebb82ade531ef6fd78bccf397a265cb8a6b81
45,1.0,422,e74599b818858ca3a83b3ff366000efb4a27a0b40bb6623774a64d5b629d34e5,1024,16,1056,d9b5bd75b6af3dac62d6101e101e249da8ef1f0f5af0e40822500159d6f8039e
46,1.0,422,d7892eaf8140c183ee99087522f666295098581009f03456de49853e28f0dc35,1024,16,1047,6776afa44aff1e3b81b73d6b1542af6349eb85d6e815f061b939f8ceabd200d9
