conditional_key,description,target,conditions,balanced_series_counts,task_type,method,model_id,weight_source,seed,layer,token_position,pooling_mode,artifact_path,train_accuracy,train_macro_f1,val_accuracy,val_macro_f1,test_accuracy,test_macro_f1,baseline_train_accuracy,baseline_train_macro_f1,baseline_val_accuracy,baseline_val_macro_f1,baseline_test_accuracy,baseline_test_macro_f1,shuffled_train_accuracy,shuffled_train_macro_f1,shuffled_val_accuracy,shuffled_val_macro_f1,shuffled_test_accuracy,shuffled_test_macro_f1,is_val_selected,suite_seed,source
domain_given_gauge_short,Domain conditional on gauge metric type and Short cadence.,domain,"{""frequency_bucket"": ""Short"", ""metric_type"": ""gauge""}","{""test"": {""Application Usage"": 18, ""Database"": 18, ""Infrastructure"": 18}, ""train"": {""Application Usage"": 19, ""Database"": 19, ""Infrastructure"": 19}, ""val"": {""Application Usage"": 16, ""Database"": 16, ""Infrastructure"": 16}}",categorical,linear_probe,Datadog/Toto-Open-Base-1.0,pretrained,42,3,first_decode,series_mean,domain__layer_3__first_decode__series_mean.pt,0.9649122807017544,0.9653153153153152,0.5,0.4985569985569986,0.4444444444444444,0.4429788640314956,0.4736842105263157,0.4686424686424686,0.4166666666666667,0.4187223276407337,0.2962962962962963,0.2977950154420742,0.3157894736842105,0.3148648648648648,0.2291666666666666,0.2238488488488488,0.2407407407407407,0.2314470969643383,True,42,pretrained
frequency_given_infra_gauge,Frequency conditional on Infrastructure domain and gauge metric type.,frequency_bucket,"{""domain"": ""Infrastructure"", ""metric_type"": ""gauge""}","{""test"": {""Medium"": 15, ""Short"": 15}, ""train"": {""Medium"": 21, ""Short"": 21}, ""val"": {""Medium"": 14, ""Short"": 14}}",categorical,linear_probe,Datadog/Toto-Open-Base-1.0,pretrained,42,3,final_context,series_mean,frequency_bucket__layer_3__final_context__series_mean.pt,1.0,1.0,0.8214285714285714,0.8193548387096774,0.6333333333333333,0.6329254727474972,0.6428571428571429,0.6377228292121909,0.6071428571428571,0.6066411238825031,0.5333333333333333,0.5248868778280543,0.4523809523809524,0.4520703346568349,0.4642857142857143,0.4636015325670498,0.4333333333333333,0.4327030033370411,True,42,pretrained
metric_type_given_app_short,Metric type conditional on Application Usage domain and Short cadence.,metric_type,"{""domain"": ""Application Usage"", ""frequency_bucket"": ""Short""}","{""test"": {""distribution"": 26, ""gauge"": 26, ""rate"": 26}, ""train"": {""distribution"": 25, ""gauge"": 25, ""rate"": 25}, ""val"": {""distribution"": 14, ""gauge"": 14, ""rate"": 14}}",categorical,linear_probe,Datadog/Toto-Open-Base-1.0,pretrained,42,6,first_decode,series_mean,metric_type__layer_6__first_decode__series_mean.pt,1.0,1.0,0.6666666666666666,0.6617063492063492,0.5,0.5031936854887674,0.4533333333333333,0.4472912353347136,0.5238095238095238,0.5169705469845722,0.3461538461538461,0.3420368147258903,0.32,0.32,0.4047619047619047,0.3857142857142857,0.3461538461538461,0.3409090909090909,True,42,pretrained
domain_given_gauge_short,Domain conditional on gauge metric type and Short cadence.,domain,"{""frequency_bucket"": ""Short"", ""metric_type"": ""gauge""}","{""test"": {""Application Usage"": 18, ""Database"": 18, ""Infrastructure"": 18}, ""train"": {""Application Usage"": 19, ""Database"": 19, ""Infrastructure"": 19}, ""val"": {""Application Usage"": 16, ""Database"": 16, ""Infrastructure"": 16}}",categorical,linear_probe,Datadog/Toto-Open-Base-1.0,random_init,42,1,final_context,series_mean,domain__layer_1__final_context__series_mean.pt,0.912280701754386,0.9126984126984128,0.375,0.353314621758888,0.4444444444444444,0.4411764705882353,0.4736842105263157,0.4686424686424686,0.4166666666666667,0.4187223276407337,0.2962962962962963,0.2977950154420742,0.2807017543859649,0.2779333955804544,0.4375,0.4275581906016688,0.2407407407407407,0.2384154489417647,True,42,random_init
frequency_given_infra_gauge,Frequency conditional on Infrastructure domain and gauge metric type.,frequency_bucket,"{""domain"": ""Infrastructure"", ""metric_type"": ""gauge""}","{""test"": {""Medium"": 15, ""Short"": 15}, ""train"": {""Medium"": 21, ""Short"": 21}, ""val"": {""Medium"": 14, ""Short"": 14}}",categorical,linear_probe,Datadog/Toto-Open-Base-1.0,random_init,42,-1,first_decode,series_mean,frequency_bucket__layer_-1__first_decode__series_mean.pt,0.9523809523809524,0.9522727272727272,0.75,0.7496807151979565,0.6333333333333333,0.6228571428571429,0.6428571428571429,0.6377228292121909,0.6071428571428571,0.6066411238825031,0.5333333333333333,0.5248868778280543,0.4761904761904761,0.475,0.3571428571428571,0.3571428571428571,0.5,0.4857142857142857,True,42,random_init
metric_type_given_app_short,Metric type conditional on Application Usage domain and Short cadence.,metric_type,"{""domain"": ""Application Usage"", ""frequency_bucket"": ""Short""}","{""test"": {""distribution"": 26, ""gauge"": 26, ""rate"": 26}, ""train"": {""distribution"": 25, ""gauge"": 25, ""rate"": 25}, ""val"": {""distribution"": 14, ""gauge"": 14, ""rate"": 14}}",categorical,linear_probe,Datadog/Toto-Open-Base-1.0,random_init,42,-1,final_context,series_mean,metric_type__layer_-1__final_context__series_mean.pt,0.9466666666666668,0.9465811965811968,0.3809523809523809,0.3816091954022989,0.3333333333333333,0.3306636608131625,0.4533333333333333,0.4472912353347136,0.5238095238095238,0.5169705469845722,0.3461538461538461,0.3420368147258903,0.32,0.3200160578081092,0.2857142857142857,0.2847587195413282,0.3333333333333333,0.3323809523809524,True,42,random_init
domain_given_gauge_short,Domain conditional on gauge metric type and Short cadence.,domain,"{""frequency_bucket"": ""Short"", ""metric_type"": ""gauge""}","{""test"": {""Application Usage"": 12, ""Database"": 12, ""Infrastructure"": 12}, ""train"": {""Application Usage"": 19, ""Database"": 19, ""Infrastructure"": 19}, ""val"": {""Application Usage"": 14, ""Database"": 14, ""Infrastructure"": 14}}",categorical,linear_probe,Datadog/Toto-Open-Base-1.0,pretrained,43,0,final_context,series_mean,domain__layer_0__final_context__series_mean.pt,0.9649122807017544,0.9653153153153152,0.5,0.4916975308641975,0.3055555555555556,0.3055555555555555,0.5263157894736842,0.5146073067974596,0.3809523809523809,0.3446693657219973,0.3333333333333333,0.3244327828368575,0.4210526315789473,0.4179894179894179,0.2619047619047619,0.2534387158043072,0.3333333333333333,0.3196992481203007,True,43,pretrained
frequency_given_infra_gauge,Frequency conditional on Infrastructure domain and gauge metric type.,frequency_bucket,"{""domain"": ""Infrastructure"", ""metric_type"": ""gauge""}","{""test"": {""Medium"": 13, ""Short"": 13}, ""train"": {""Medium"": 19, ""Short"": 19}, ""val"": {""Medium"": 13, ""Short"": 13}}",categorical,linear_probe,Datadog/Toto-Open-Base-1.0,pretrained,43,5,final_context,series_mean,frequency_bucket__layer_5__final_context__series_mean.pt,0.9736842105263158,0.9736659736659736,0.8461538461538461,0.8424242424242425,0.6923076923076923,0.6848484848484848,0.6578947368421053,0.6576576576576576,0.3846153846153846,0.3809523809523809,0.6153846153846154,0.6130952380952381,0.5,0.4996534996534996,0.4230769230769231,0.3779904306220095,0.3461538461538461,0.3210445468509985,True,43,pretrained
metric_type_given_app_short,Metric type conditional on Application Usage domain and Short cadence.,metric_type,"{""domain"": ""Application Usage"", ""frequency_bucket"": ""Short""}","{""test"": {""distribution"": 21, ""gauge"": 21, ""rate"": 21}, ""train"": {""distribution"": 20, ""gauge"": 20, ""rate"": 20}, ""val"": {""distribution"": 22, ""gauge"": 22, ""rate"": 22}}",categorical,linear_probe,Datadog/Toto-Open-Base-1.0,pretrained,43,10,final_context,series_mean,metric_type__layer_10__final_context__series_mean.pt,1.0,1.0,0.5606060606060606,0.5549949949949949,0.5714285714285714,0.5673076923076923,0.5666666666666667,0.5562736628806058,0.2878787878787879,0.2828857369141047,0.4126984126984127,0.4110747408619749,0.3833333333333333,0.3833333333333333,0.3939393939393939,0.3893460544623335,0.365079365079365,0.3664502164502165,True,43,pretrained
domain_given_gauge_short,Domain conditional on gauge metric type and Short cadence.,domain,"{""frequency_bucket"": ""Short"", ""metric_type"": ""gauge""}","{""test"": {""Application Usage"": 12, ""Database"": 12, ""Infrastructure"": 12}, ""train"": {""Application Usage"": 19, ""Database"": 19, ""Infrastructure"": 19}, ""val"": {""Application Usage"": 14, ""Database"": 14, ""Infrastructure"": 14}}",categorical,linear_probe,Datadog/Toto-Open-Base-1.0,random_init,43,0,first_decode,series_mean,domain__layer_0__first_decode__series_mean.pt,0.9473684210526316,0.9480822285700334,0.4761904761904761,0.4774372073222648,0.3888888888888889,0.3883061383061383,0.5263157894736842,0.5146073067974596,0.3809523809523809,0.3446693657219973,0.3333333333333333,0.3244327828368575,0.4210526315789473,0.4179894179894179,0.238095238095238,0.2268832616658703,0.2777777777777778,0.264069264069264,True,43,random_init
frequency_given_infra_gauge,Frequency conditional on Infrastructure domain and gauge metric type.,frequency_bucket,"{""domain"": ""Infrastructure"", ""metric_type"": ""gauge""}","{""test"": {""Medium"": 13, ""Short"": 13}, ""train"": {""Medium"": 19, ""Short"": 19}, ""val"": {""Medium"": 13, ""Short"": 13}}",categorical,linear_probe,Datadog/Toto-Open-Base-1.0,random_init,43,0,final_context,series_mean,frequency_bucket__layer_0__final_context__series_mean.pt,0.8947368421052632,0.8935574229691876,0.7307692307692307,0.7303703703703703,0.6538461538461539,0.6405529953917051,0.6578947368421053,0.6576576576576576,0.3846153846153846,0.3809523809523809,0.6153846153846154,0.6130952380952381,0.4473684210526316,0.446985446985447,0.5384615384615384,0.5357142857142857,0.5769230769230769,0.519327731092437,True,43,random_init
metric_type_given_app_short,Metric type conditional on Application Usage domain and Short cadence.,metric_type,"{""domain"": ""Application Usage"", ""frequency_bucket"": ""Short""}","{""test"": {""distribution"": 21, ""gauge"": 21, ""rate"": 21}, ""train"": {""distribution"": 20, ""gauge"": 20, ""rate"": 20}, ""val"": {""distribution"": 22, ""gauge"": 22, ""rate"": 22}}",categorical,linear_probe,Datadog/Toto-Open-Base-1.0,random_init,43,7,final_context,series_mean,metric_type__layer_7__final_context__series_mean.pt,0.95,0.94993894993895,0.4545454545454545,0.456976976976977,0.4126984126984127,0.4021977621791895,0.5666666666666667,0.5562736628806058,0.2878787878787879,0.2828857369141047,0.4126984126984127,0.4110747408619749,0.4166666666666667,0.4163359163359163,0.3939393939393939,0.3922383252818035,0.4603174603174603,0.4524097267999707,True,43,random_init
domain_given_gauge_short,Domain conditional on gauge metric type and Short cadence.,domain,"{""frequency_bucket"": ""Short"", ""metric_type"": ""gauge""}","{""test"": {""Application Usage"": 11, ""Database"": 11, ""Infrastructure"": 11}, ""train"": {""Application Usage"": 19, ""Database"": 19, ""Infrastructure"": 19}, ""val"": {""Application Usage"": 19, ""Database"": 19, ""Infrastructure"": 19}}",categorical,linear_probe,Datadog/Toto-Open-Base-1.0,pretrained,44,11,final_context,series_mean,domain__layer_11__final_context__series_mean.pt,0.9824561403508772,0.9824439824439825,0.5964912280701754,0.595016954150081,0.4242424242424242,0.4150761519182571,0.5964912280701754,0.5933128751186207,0.4736842105263157,0.4706535804096779,0.3939393939393939,0.386984126984127,0.2807017543859649,0.2798750167171219,0.2807017543859649,0.2660277298575171,0.1818181818181818,0.1756937799043062,True,44,pretrained
frequency_given_infra_gauge,Frequency conditional on Infrastructure domain and gauge metric type.,frequency_bucket,"{""domain"": ""Infrastructure"", ""metric_type"": ""gauge""}","{""test"": {""Medium"": 11, ""Short"": 11}, ""train"": {""Medium"": 11, ""Short"": 11}, ""val"": {""Medium"": 18, ""Short"": 18}}",categorical,linear_probe,Datadog/Toto-Open-Base-1.0,pretrained,44,6,first_decode,series_mean,frequency_bucket__layer_6__first_decode__series_mean.pt,1.0,1.0,0.8611111111111112,0.8601398601398602,0.7272727272727273,0.725,0.7272727272727273,0.7272727272727273,0.6666666666666666,0.6666666666666666,0.4545454545454545,0.45,0.4090909090909091,0.4078674948240165,0.5,0.49375,0.5,0.4989648033126294,True,44,pretrained
metric_type_given_app_short,Metric type conditional on Application Usage domain and Short cadence.,metric_type,"{""domain"": ""Application Usage"", ""frequency_bucket"": ""Short""}","{""test"": {""distribution"": 20, ""gauge"": 20, ""rate"": 20}, ""train"": {""distribution"": 26, ""gauge"": 26, ""rate"": 26}, ""val"": {""distribution"": 20, ""gauge"": 20, ""rate"": 20}}",categorical,linear_probe,Datadog/Toto-Open-Base-1.0,pretrained,44,5,first_decode,series_mean,metric_type__layer_5__first_decode__series_mean.pt,1.0,1.0,0.65,0.6467717717717717,0.5,0.4880089717046239,0.5769230769230769,0.573824860056744,0.45,0.440014765596161,0.3833333333333333,0.3825757575757575,0.3717948717948718,0.3716383505506702,0.3833333333333333,0.3631418549824621,0.3666666666666666,0.356692242114237,True,44,pretrained
domain_given_gauge_short,Domain conditional on gauge metric type and Short cadence.,domain,"{""frequency_bucket"": ""Short"", ""metric_type"": ""gauge""}","{""test"": {""Application Usage"": 11, ""Database"": 11, ""Infrastructure"": 11}, ""train"": {""Application Usage"": 19, ""Database"": 19, ""Infrastructure"": 19}, ""val"": {""Application Usage"": 19, ""Database"": 19, ""Infrastructure"": 19}}",categorical,linear_probe,Datadog/Toto-Open-Base-1.0,random_init,44,5,first_decode,series_mean,domain__layer_5__first_decode__series_mean.pt,0.9649122807017544,0.9648148148148148,0.2982456140350877,0.2956195061458219,0.3636363636363636,0.369047619047619,0.5964912280701754,0.5933128751186207,0.4736842105263157,0.4706535804096779,0.3939393939393939,0.386984126984127,0.2631578947368421,0.2572286572286572,0.3333333333333333,0.3271940418679549,0.3636363636363636,0.3600405679513185,True,44,random_init
frequency_given_infra_gauge,Frequency conditional on Infrastructure domain and gauge metric type.,frequency_bucket,"{""domain"": ""Infrastructure"", ""metric_type"": ""gauge""}","{""test"": {""Medium"": 11, ""Short"": 11}, ""train"": {""Medium"": 11, ""Short"": 11}, ""val"": {""Medium"": 18, ""Short"": 18}}",categorical,linear_probe,Datadog/Toto-Open-Base-1.0,random_init,44,9,final_context,series_mean,frequency_bucket__layer_9__final_context__series_mean.pt,0.9545454545454546,0.9544513457556936,0.6944444444444444,0.6884343036978757,0.4545454545454545,0.4358974358974359,0.7272727272727273,0.7272727272727273,0.6666666666666666,0.6666666666666666,0.4545454545454545,0.45,0.3636363636363636,0.3583333333333333,0.5,0.4984520123839009,0.2727272727272727,0.2727272727272727,True,44,random_init
metric_type_given_app_short,Metric type conditional on Application Usage domain and Short cadence.,metric_type,"{""domain"": ""Application Usage"", ""frequency_bucket"": ""Short""}","{""test"": {""distribution"": 20, ""gauge"": 20, ""rate"": 20}, ""train"": {""distribution"": 26, ""gauge"": 26, ""rate"": 26}, ""val"": {""distribution"": 20, ""gauge"": 20, ""rate"": 20}}",categorical,linear_probe,Datadog/Toto-Open-Base-1.0,random_init,44,4,first_decode,series_mean,metric_type__layer_4__first_decode__series_mean.pt,0.9871794871794872,0.987174744111481,0.4166666666666667,0.4177781962359685,0.45,0.4264976958525345,0.5769230769230769,0.573824860056744,0.45,0.440014765596161,0.3833333333333333,0.3825757575757575,0.3974358974358974,0.397288862327708,0.4,0.3939660590823381,0.35,0.3587905935050391,True,44,random_init
domain_given_gauge_short,Domain conditional on gauge metric type and Short cadence.,domain,"{""frequency_bucket"": ""Short"", ""metric_type"": ""gauge""}","{""test"": {""Application Usage"": 15, ""Database"": 15, ""Infrastructure"": 15}, ""train"": {""Application Usage"": 22, ""Database"": 22, ""Infrastructure"": 22}, ""val"": {""Application Usage"": 21, ""Database"": 21, ""Infrastructure"": 21}}",categorical,linear_probe,Datadog/Toto-Open-Base-1.0,pretrained,45,7,first_decode,series_mean,domain__layer_7__first_decode__series_mean.pt,0.9848484848484848,0.9848406546080964,0.5873015873015873,0.5866859676435511,0.4444444444444444,0.4512369351079028,0.4848484848484848,0.4817426545086119,0.3968253968253968,0.3928995840760547,0.4888888888888889,0.4780952380952381,0.3787878787878788,0.37926552345157,0.3809523809523809,0.3747368421052631,0.3777777777777777,0.3739513685423083,True,45,pretrained
frequency_given_infra_gauge,Frequency conditional on Infrastructure domain and gauge metric type.,frequency_bucket,"{""domain"": ""Infrastructure"", ""metric_type"": ""gauge""}","{""test"": {""Medium"": 19, ""Short"": 19}, ""train"": {""Medium"": 19, ""Short"": 19}, ""val"": {""Medium"": 13, ""Short"": 13}}",categorical,linear_probe,Datadog/Toto-Open-Base-1.0,pretrained,45,6,first_decode,series_mean,frequency_bucket__layer_6__first_decode__series_mean.pt,1.0,1.0,0.7692307692307693,0.7678571428571428,0.7631578947368421,0.7616724738675958,0.6052631578947368,0.602787456445993,0.4230769230769231,0.4152923538230885,0.5263157894736842,0.5210084033613445,0.3157894736842105,0.3157894736842105,0.2692307692307692,0.2593703148425787,0.3157894736842105,0.3081232492997199,True,45,pretrained
metric_type_given_app_short,Metric type conditional on Application Usage domain and Short cadence.,metric_type,"{""domain"": ""Application Usage"", ""frequency_bucket"": ""Short""}","{""test"": {""distribution"": 17, ""gauge"": 17, ""rate"": 17}, ""train"": {""distribution"": 24, ""gauge"": 24, ""rate"": 24}, ""val"": {""distribution"": 23, ""gauge"": 23, ""rate"": 23}}",categorical,linear_probe,Datadog/Toto-Open-Base-1.0,pretrained,45,7,final_context,series_mean,metric_type__layer_7__final_context__series_mean.pt,1.0,1.0,0.6231884057971014,0.622809044627914,0.4705882352941176,0.450007177720356,0.5555555555555556,0.52501647095299,0.3478260869565217,0.335042735042735,0.392156862745098,0.3694396150536501,0.3055555555555556,0.3055555555555555,0.3478260869565217,0.3379014807586236,0.4313725490196078,0.4342920705545844,True,45,pretrained
domain_given_gauge_short,Domain conditional on gauge metric type and Short cadence.,domain,"{""frequency_bucket"": ""Short"", ""metric_type"": ""gauge""}","{""test"": {""Application Usage"": 15, ""Database"": 15, ""Infrastructure"": 15}, ""train"": {""Application Usage"": 22, ""Database"": 22, ""Infrastructure"": 22}, ""val"": {""Application Usage"": 21, ""Database"": 21, ""Infrastructure"": 21}}",categorical,linear_probe,Datadog/Toto-Open-Base-1.0,random_init,45,-1,first_decode,series_mean,domain__layer_-1__first_decode__series_mean.pt,0.9090909090909092,0.9107142857142856,0.4126984126984127,0.4148599819331526,0.2888888888888888,0.2852564102564103,0.4848484848484848,0.4817426545086119,0.3968253968253968,0.3928995840760547,0.4888888888888889,0.4780952380952381,0.3939393939393939,0.3947693994205623,0.2857142857142857,0.2883720930232558,0.3777777777777777,0.3630769230769231,True,45,random_init
frequency_given_infra_gauge,Frequency conditional on Infrastructure domain and gauge metric type.,frequency_bucket,"{""domain"": ""Infrastructure"", ""metric_type"": ""gauge""}","{""test"": {""Medium"": 19, ""Short"": 19}, ""train"": {""Medium"": 19, ""Short"": 19}, ""val"": {""Medium"": 13, ""Short"": 13}}",categorical,linear_probe,Datadog/Toto-Open-Base-1.0,random_init,45,-1,first_decode,series_mean,frequency_bucket__layer_-1__first_decode__series_mean.pt,0.9210526315789472,0.9209979209979212,0.5769230769230769,0.5438596491228069,0.6842105263157895,0.6833333333333333,0.6052631578947368,0.602787456445993,0.4230769230769231,0.4152923538230885,0.5263157894736842,0.5210084033613445,0.3421052631578947,0.3416493416493417,0.4230769230769231,0.4009216589861751,0.3157894736842105,0.2982954545454546,True,45,random_init
metric_type_given_app_short,Metric type conditional on Application Usage domain and Short cadence.,metric_type,"{""domain"": ""Application Usage"", ""frequency_bucket"": ""Short""}","{""test"": {""distribution"": 17, ""gauge"": 17, ""rate"": 17}, ""train"": {""distribution"": 24, ""gauge"": 24, ""rate"": 24}, ""val"": {""distribution"": 23, ""gauge"": 23, ""rate"": 23}}",categorical,linear_probe,Datadog/Toto-Open-Base-1.0,random_init,45,3,final_context,series_mean,metric_type__layer_3__final_context__series_mean.pt,0.9583333333333334,0.9581699346405228,0.4057971014492754,0.4040018434067257,0.392156862745098,0.3896181896181896,0.5555555555555556,0.52501647095299,0.3478260869565217,0.335042735042735,0.392156862745098,0.3694396150536501,0.3194444444444444,0.3123505587273703,0.3478260869565217,0.3393654524089307,0.3333333333333333,0.3340972752737459,True,45,random_init
domain_given_gauge_short,Domain conditional on gauge metric type and Short cadence.,domain,"{""frequency_bucket"": ""Short"", ""metric_type"": ""gauge""}","{""test"": {""Application Usage"": 16, ""Database"": 16, ""Infrastructure"": 16}, ""train"": {""Application Usage"": 22, ""Database"": 22, ""Infrastructure"": 22}, ""val"": {""Application Usage"": 16, ""Database"": 16, ""Infrastructure"": 16}}",categorical,linear_probe,Datadog/Toto-Open-Base-1.0,pretrained,46,10,first_decode,series_mean,domain__layer_10__first_decode__series_mean.pt,0.9393939393939394,0.940080040335287,0.5416666666666666,0.5338463463463464,0.4166666666666667,0.4137293976003653,0.4848484848484848,0.4722222222222221,0.4375,0.4375389214098892,0.3958333333333333,0.3925925925925926,0.2575757575757575,0.2574947181577562,0.3125,0.2902777777777778,0.25,0.2433048433048433,True,46,pretrained
frequency_given_infra_gauge,Frequency conditional on Infrastructure domain and gauge metric type.,frequency_bucket,"{""domain"": ""Infrastructure"", ""metric_type"": ""gauge""}","{""test"": {""Medium"": 11, ""Short"": 11}, ""train"": {""Medium"": 11, ""Short"": 11}, ""val"": {""Medium"": 21, ""Short"": 21}}",categorical,linear_probe,Datadog/Toto-Open-Base-1.0,pretrained,46,6,first_decode,series_mean,frequency_bucket__layer_6__first_decode__series_mean.pt,1.0,1.0,0.6190476190476191,0.6181818181818182,0.6818181818181818,0.681159420289855,0.8181818181818182,0.8166666666666667,0.6190476190476191,0.6181818181818182,0.3181818181818182,0.3167701863354037,0.6363636363636364,0.6363636363636364,0.5238095238095238,0.5138888888888888,0.3181818181818182,0.2810457516339869,True,46,pretrained
metric_type_given_app_short,Metric type conditional on Application Usage domain and Short cadence.,metric_type,"{""domain"": ""Application Usage"", ""frequency_bucket"": ""Short""}","{""test"": {""distribution"": 23, ""gauge"": 23, ""rate"": 23}, ""train"": {""distribution"": 27, ""gauge"": 27, ""rate"": 27}, ""val"": {""distribution"": 22, ""gauge"": 22, ""rate"": 22}}",categorical,linear_probe,Datadog/Toto-Open-Base-1.0,pretrained,46,5,final_context,series_mean,metric_type__layer_5__final_context__series_mean.pt,1.0,1.0,0.6666666666666666,0.6640410550184986,0.5072463768115942,0.5032193019051592,0.5308641975308642,0.5096658621042197,0.4393939393939394,0.425450861195542,0.3478260869565217,0.3488076958134382,0.382716049382716,0.3818508535489668,0.4545454545454545,0.4564903695338477,0.3623188405797101,0.3633139909735654,True,46,pretrained
domain_given_gauge_short,Domain conditional on gauge metric type and Short cadence.,domain,"{""frequency_bucket"": ""Short"", ""metric_type"": ""gauge""}","{""test"": {""Application Usage"": 16, ""Database"": 16, ""Infrastructure"": 16}, ""train"": {""Application Usage"": 22, ""Database"": 22, ""Infrastructure"": 22}, ""val"": {""Application Usage"": 16, ""Database"": 16, ""Infrastructure"": 16}}",categorical,linear_probe,Datadog/Toto-Open-Base-1.0,random_init,46,11,final_context,series_mean,domain__layer_11__final_context__series_mean.pt,0.8939393939393939,0.8958575300038714,0.25,0.2595064474930993,0.2708333333333333,0.2651256789187823,0.4848484848484848,0.4722222222222221,0.4375,0.4375389214098892,0.3958333333333333,0.3925925925925926,0.2424242424242424,0.2413972395537909,0.3541666666666667,0.3513784461152882,0.4375,0.4391068580542265,True,46,random_init
frequency_given_infra_gauge,Frequency conditional on Infrastructure domain and gauge metric type.,frequency_bucket,"{""domain"": ""Infrastructure"", ""metric_type"": ""gauge""}","{""test"": {""Medium"": 11, ""Short"": 11}, ""train"": {""Medium"": 11, ""Short"": 11}, ""val"": {""Medium"": 21, ""Short"": 21}}",categorical,linear_probe,Datadog/Toto-Open-Base-1.0,random_init,46,0,first_decode,series_mean,frequency_bucket__layer_0__first_decode__series_mean.pt,1.0,1.0,0.6428571428571429,0.6326530612244898,0.5454545454545454,0.5454545454545454,0.8181818181818182,0.8166666666666667,0.6190476190476191,0.6181818181818182,0.3181818181818182,0.3167701863354037,0.7272727272727273,0.7272727272727273,0.4047619047619047,0.3962047153536515,0.4090909090909091,0.3425287356321839,True,46,random_init
metric_type_given_app_short,Metric type conditional on Application Usage domain and Short cadence.,metric_type,"{""domain"": ""Application Usage"", ""frequency_bucket"": ""Short""}","{""test"": {""distribution"": 23, ""gauge"": 23, ""rate"": 23}, ""train"": {""distribution"": 27, ""gauge"": 27, ""rate"": 27}, ""val"": {""distribution"": 22, ""gauge"": 22, ""rate"": 22}}",categorical,linear_probe,Datadog/Toto-Open-Base-1.0,random_init,46,3,first_decode,series_mean,metric_type__layer_3__first_decode__series_mean.pt,0.9753086419753086,0.9755166217430368,0.3939393939393939,0.3779493779493779,0.4347826086956521,0.4244078984645021,0.5308641975308642,0.5096658621042197,0.4393939393939394,0.425450861195542,0.3478260869565217,0.3488076958134382,0.382716049382716,0.3840127653434504,0.3181818181818182,0.3027829313543599,0.3333333333333333,0.3343149421902498,True,46,random_init
