label,alternative,test_accuracy_gap_mean,test_accuracy_gap_ci95,test_accuracy_gap_n,test_accuracy_wins,test_macro_f1_gap_mean,test_macro_f1_gap_ci95,test_macro_f1_gap_n,test_macro_f1_wins
cardinality_bucket,random_init,0.27329901463395223,0.04967514101760757,5,5,0.22091989548606622,0.026790308978671084,5,5
cardinality_bucket,layer_permuted_pretrained,0.06554879455343379,0.15894309326682457,5,4,0.04323135897106735,0.140396315847797,5,4
cardinality_bucket,cnn,-0.4191503213461088,0.02116315870803425,5,0,-0.48775688945399703,0.03180096219363399,5,0
cardinality_bucket,fno,-0.4185091878156186,0.030798222008204316,5,0,-0.4895765720728519,0.043678889635372274,5,0
cardinality_bucket,transformer,-0.41361080567031216,0.02278912242055302,5,0,-0.47672914820824597,0.03252654099011172,5,0
cardinality_bucket,gbdt,-0.25214735988054915,0.0237928349172801,5,0,-0.19131444788818064,0.03308257646245145,5,0
domain,random_init,0.12225817898317597,0.01911285448039702,5,5,0.12187317728393768,0.009180770257937591,5,5
domain,layer_permuted_pretrained,0.09568888613629173,0.015332835789579445,5,5,0.08970556670860214,0.007426564571616697,5,5
domain,cnn,0.04903362392706075,0.03142611261361713,5,5,0.052265994736205176,0.024628133358038973,5,5
domain,fno,0.07426631015278641,0.024959280147079054,5,5,0.10334229529873022,0.0676457420932997,5,5
domain,transformer,0.04986200571343278,0.046295088878032936,5,5,0.04688268021598672,0.03516569267226189,5,5
domain,gbdt,-0.039205689524926826,0.024915821696821168,5,0,0.0016217893773442405,0.03995227367177676,5,2
frequency_bucket,random_init,0.17976053378018414,0.03197578551205302,5,5,0.21860860548468536,0.036065584669776746,5,5
frequency_bucket,layer_permuted_pretrained,0.13162118204785558,0.013252016622254314,5,5,0.19932200315999277,0.026922343754667098,5,5
frequency_bucket,cnn,0.15016420424185656,0.033099665119301416,5,5,0.22072458316743465,0.033765375376602916,5,5
frequency_bucket,fno,0.05750400664232076,0.04229735016447872,5,5,0.13256474129620072,0.06281380482219083,5,5
frequency_bucket,transformer,0.12384633425749632,0.037724984340978644,5,5,0.21255635345194018,0.0429259177952273,5,5
frequency_bucket,gbdt,0.04553516680866145,0.014465962753441676,5,5,0.18638479180688242,0.028894061904273353,5,5
metric_type,random_init,0.1459619996442071,0.029315229106272368,5,5,0.14759283437249288,0.03534422430185648,5,5
metric_type,layer_permuted_pretrained,0.11349397487405888,0.03090631230185864,5,5,0.12555206053627394,0.03711112579934861,5,5
metric_type,cnn,0.13662322902257026,0.05930379025477007,5,5,0.11390817997781459,0.040227059980546376,5,5
metric_type,fno,0.21380988491336592,0.07566505384019148,5,5,0.17914745042331037,0.06754552992761732,5,5
metric_type,transformer,0.15380923038724292,0.03352894889961774,5,5,0.14737544147791595,0.03765369108956704,5,5
metric_type,gbdt,0.027739160918701967,0.03643252465373024,5,4,0.04738398791101186,0.03636411535802424,5,5
