label,method,test_accuracy_mean,test_accuracy_ci95,test_accuracy_n,test_macro_f1_mean,test_macro_f1_ci95,test_macro_f1_n,parameter_count_mean,parameter_count_ci95,parameter_count_n,selected_epoch_mean,selected_epoch_ci95,selected_epoch_n,training_seconds_mean,training_seconds_ci95,training_seconds_n,peak_vram_bytes_mean,peak_vram_bytes_ci95,peak_vram_bytes_n
cardinality_bucket,cnn,0.9770839507390026,0.006512335259824951,5,0.959155914814733,0.01032234537571898,5,39556.0,0.0,5,9.4,5.013002154028703,5,10.233004346955568,1.359548045692508,5,3231908249.6,8865156.528658714,5
cardinality_bucket,fno,0.9764428172085123,0.010843970442756527,5,0.9609755974335877,0.015732658489240207,5,105924.0,0.0,5,16.8,4.155402534734279,5,12.522583380807191,1.179026047126721,5,3996139417.6,11340147.326225944,5
cardinality_bucket,gbdt,0.8100809892734429,0.01695821052874271,5,0.6627134732489166,0.03834631517289545,5,,,0,,,0,4.138670387817546,0.13626282513145355,5,0.0,0.0,5
cardinality_bucket,transformer,0.971544435063206,0.011628708026891385,5,0.9481281735689819,0.023174630740082143,5,246756.0,0.0,5,9.6,4.856795354126119,5,13.816441621771082,1.7268098650481662,5,2808530739.2,7706771.306739686,5
domain,cnn,0.4852377103667367,0.00974910145928257,5,0.43181250117182596,0.025166428195621576,5,39523.0,0.0,5,14.6,7.056760046031197,5,8.596957044769079,1.4058698488072936,5,2578244403.2,21300920.67795099,5
domain,fno,0.4600050241410109,0.030158015923116288,5,0.38073620060930086,0.06930950300281033,5,105891.0,0.0,5,13.8,6.475727138834825,5,10.411969844205306,1.0754117860988226,5,3187035852.8,26356713.207906663,5
domain,gbdt,0.5734770238187241,0.032768672152637415,5,0.48245670653068684,0.04024471947412394,5,,,0,,,0,3.53003390179947,0.045175665603112265,5,0.0,0.0,5
domain,transformer,0.48440932858036456,0.02303961980633651,5,0.4371958156920443,0.028583610230312816,5,246723.0,0.0,5,13.2,5.149538535858164,5,12.785080400342121,3.1143115580289216,5,2242450432.0,18424846.99991541,5
frequency_bucket,cnn,0.7261596553148651,0.019367430903289903,5,0.5453300516259999,0.019494697238465877,5,39523.0,0.0,5,15.0,4.8089439866285035,5,10.838633865723386,1.4140171563422055,5,3231908249.6,8865156.528658714,5
frequency_bucket,fno,0.8188198529144008,0.03762316814039222,5,0.6334898934972338,0.04701403270774536,5,105891.0,0.0,5,15.8,3.662382628097132,5,12.868598450021818,1.1324909563053003,5,3996139417.6,11340147.326225944,5
frequency_bucket,gbdt,0.8307886927480602,0.00756751501984076,5,0.5796698429865521,0.04156019251546805,5,,,0,,,0,1.257984888833016,0.02279290031254732,5,0.0,0.0,5
frequency_bucket,transformer,0.7524775252992253,0.030068840303108083,5,0.5534982813414944,0.02659089121308879,5,246723.0,0.0,5,13.2,6.355573340950958,5,14.766151871345937,2.0800443552487335,5,2808530739.2,7706771.306739686,5
metric_type,cnn,0.4569934180776311,0.06418835448675361,5,0.4314176571723592,0.04655424626012615,5,39523.0,0.0,5,18.2,1.6189317847087064,5,10.627669246122242,1.6187392366451434,5,3115392409.6,19398984.69619114,5
metric_type,fno,0.37980676218683546,0.060436146262351345,5,0.3661783867268634,0.06082274729076665,5,105891.0,0.0,5,17.2,3.445477765151343,5,13.25855365237221,0.6076313242658204,5,3852911923.2,22644183.2316094,5
metric_type,gbdt,0.5658774861814996,0.0021391175714154218,5,0.4979418492391619,0.0072199264145987865,5,,,0,,,0,3.5286057207733394,0.08529023069906166,5,0.0,0.0,5
metric_type,transformer,0.43980741671295853,0.03825189024150518,5,0.3979503956722578,0.018436360978967066,5,246723.0,0.0,5,16.6,1.8830766883484416,5,15.894525222200901,4.666288941721431,5,2707677081.6,16039506.476566158,5
