split_seed,label,random_layer,random_token_position,random_pooling_mode,random_validation_score,random_test_score
42,cardinality_bucket,6,all_context,series_mean,0.2648916683081123,0.2547627078936674
43,cardinality_bucket,11,all_context,series_mean,0.282713615155354,0.2587820772784569
44,cardinality_bucket,3,all_context,series_mean,0.2809159577354469,0.2452409458809669
45,cardinality_bucket,11,all_context,series_mean,0.246312788039752,0.2460848298329567
46,cardinality_bucket,6,all_context,series_mean,0.2393612654927126,0.2810540508140866
42,domain,3,all_context,series_mean,0.4301070849854065,0.4082340679468552
43,domain,11,all_context,series_mean,0.4125665831677148,0.4167936540672871
44,domain,3,all_context,series_mean,0.4196841659520936,0.3904487823623524
45,domain,6,all_context,series_mean,0.3928721666942007,0.3972924351989901
46,domain,9,all_context,series_mean,0.4244351200726706,0.4310559500380567
42,frequency_bucket,9,all_context,series_mean,0.6298104484046431,0.6045177917913009
43,frequency_bucket,11,all_context,series_mean,0.5877108898499832,0.5939960994477889
44,frequency_bucket,11,all_context,series_mean,0.4050475684975688,0.4067554493815315
45,frequency_bucket,11,all_context,series_mean,0.5811754313759132,0.6030644771324656
46,frequency_bucket,9,all_context,series_mean,0.5875721350064778,0.5732521234541135
42,metric_type,11,all_context,series_mean,0.458166386329597,0.4129349499505123
43,metric_type,9,all_context,series_mean,0.4467399022718961,0.4538784185944335
44,metric_type,11,all_context,series_mean,0.4432781972734163,0.4606557406423304
45,metric_type,11,all_context,series_mean,0.4716991829526272,0.4571425400155165
46,metric_type,6,all_context,series_mean,0.4612703513424198,0.4740614565484267
