split_seed,blend,n_pairs,probe_wins,probe_losses,probe_ties,probe_win_fraction,probe_real_minus_null_median,secondary_endpoint_available,future_mae_real_minus_null_median,future_mae_real_better_fraction
42,0.25,40,22,18,0,0.55,547.3837890625,True,4.423782229423523e-08,0.475
43,0.25,40,26,14,0,0.65,1305.71826171875,True,2.887986738642212e-08,0.45
44,0.25,40,23,17,0,0.575,455.1580810546875,True,5.98374754190445e-08,0.35
45,0.25,40,21,18,1,0.525,863.09619140625,True,7.918390565464527e-08,0.325
46,0.25,40,26,14,0,0.65,2193.770538330078,True,5.227047950029373e-08,0.45
42,0.5,40,22,18,0,0.55,1094.765625,True,4.576053470415641e-06,0.325
43,0.5,40,26,14,0,0.65,2611.4375,True,8.440110832452774e-08,0.425
44,0.5,40,23,17,0,0.575,910.3177490234375,True,2.491287887096405e-07,0.35
45,0.5,40,21,18,1,0.525,1726.193359375,True,3.2596290111541706e-07,0.25
46,0.5,40,26,14,0,0.65,4387.539733886719,True,3.872753495670622e-08,0.475
42,1.0,40,22,18,0,0.55,2189.53125,True,3.589550033211708e-06,0.375
43,1.0,40,26,14,0,0.65,5222.874694824219,True,4.6193599700927734e-07,0.4
44,1.0,40,23,17,0,0.575,1820.6356811523438,True,7.613562047481537e-07,0.35
45,1.0,40,21,18,1,0.525,3452.3882446289062,True,3.3527612686157227e-07,0.35
46,1.0,40,26,14,0,0.65,8775.083129882812,True,-2.2049061954021454e-07,0.55
