split_seed,label,layer,token_position,pooling_mode,val_r2,test_r2,raw_test_r2,shuffled_test_r2,moment_minus_raw,moment_minus_shuffled
42,coordination,6,all_context,series_mean,0.125615907158521,0.0848951330574132,0.098676664311377,-0.0056116572487707,-0.013781531253963808,0.0905067903061839
43,coordination,3,all_context,series_mean,0.0295699173306863,0.0347331981346566,0.0724330256405196,-0.0071252979514671,-0.037699827505862996,0.0418584960861237
44,coordination,3,all_context,series_mean,0.0610720223716956,0.115440034855481,0.0848747435648553,-0.0087410989984459,0.0305652912906257,0.1241811338539269
45,coordination,3,all_context,series_mean,0.0751685842455957,0.1338971864832272,0.084179996002829,-0.0118090064224907,0.049717190480398216,0.1457061929057179
46,coordination,3,all_context,series_mean,0.0792071142563692,0.0910423095686121,0.0132751740597516,-0.0107224336158773,0.0777671355088605,0.1017647431844894
42,current_burstiness,6,all_context,series_mean,0.0287544037788559,-0.0039956815116133,-0.7212354427243839,-0.0443780276072225,0.7172397612127706,0.0403823460956092
43,current_burstiness,3,all_context,series_mean,0.0034464227414213,0.0181567028016671,0.22033782697592,-0.0107684706645032,-0.2021811241742529,0.028925173466170302
44,current_burstiness,3,all_context,series_mean,0.0150868564258954,0.0225663194927346,0.6404412183392959,-0.0059160245795724,-0.6178748988465613,0.028482344072307
45,current_burstiness,6,all_context,series_mean,0.0313277202939711,0.0511007068633682,0.1825860602743647,-0.0078333759272806,-0.13148535341099649,0.058934082790648795
46,current_burstiness,3,all_context,series_mean,0.0078906337149324,0.0302681922427283,-0.0387843217286829,-0.0093938806668889,0.0690525139714112,0.0396620729096172
42,current_sparsity,3,all_context,series_mean,-0.3458010141576912,-0.5906409891317421,0.9999999998202488,-0.123886152467634,-1.590640988951991,-0.4667548366641081
43,current_sparsity,11,all_context,series_mean,-4.32995359164269,-0.0150313894915872,0.9999999998199964,-0.0437828191874918,-1.0150313893115837,0.0287514296959046
44,current_sparsity,3,all_context,series_mean,0.0821594834366243,0.0190883621398495,0.9999999998422536,-0.0132514795091651,-0.9809116377024041,0.0323398416490146
45,current_sparsity,6,all_context,series_mean,0.0590083298526227,0.0535621162826223,0.9999999998413516,-0.0090876973217113,-0.9464378835587293,0.0626498136043336
46,current_sparsity,6,all_context,series_mean,0.0393833096537642,0.0729933069575432,0.9999999998356188,-0.0110079453623441,-0.9270066928780756,0.08400125231988731
42,future_burstiness,3,all_context,series_mean,-0.0198940651455874,0.0288086185245495,-0.0266472554171837,-0.0133377647359678,0.055455873941733194,0.0421463832605173
43,future_burstiness,3,all_context,series_mean,-0.0930147070454103,-0.0179005971149583,0.0126983207225794,-0.0293763475628647,-0.030598917837537702,0.0114757504479064
44,future_burstiness,3,all_context,series_mean,0.0094679889507524,0.0099461335204924,0.0189212684946952,-0.0068880744181074,-0.0089751349742028,0.0168342079385998
45,future_burstiness,3,all_context,series_mean,0.0134274709362015,0.039161786669064,0.0735384561195787,-0.0135752591260291,-0.034376669450514694,0.0527370457950931
46,future_burstiness,3,all_context,series_mean,0.0081581398876225,0.0166149096320786,-0.1055322788113124,-0.0125761688224257,0.122147188443391,0.029191078454504298
42,future_sparsity,3,all_context,series_mean,-0.3458010141576912,-0.5906409891317421,0.9999999998202488,-0.123886152467634,-1.590640988951991,-0.4667548366641081
43,future_sparsity,11,all_context,series_mean,-4.323437138155496,-0.0147766501811852,0.9999993963476272,-0.0437036715948679,-1.0147760465288125,0.028927021413682696
44,future_sparsity,3,all_context,series_mean,0.0821594834366243,0.0190286310213929,0.999995886945426,-0.0132735368584517,-0.9809672559240331,0.0323021678798446
45,future_sparsity,6,all_context,series_mean,0.0590083298526227,0.0535621162826223,0.9999999998413516,-0.0090876973217113,-0.9464378835587293,0.0626498136043336
46,future_sparsity,6,all_context,series_mean,0.039357862647566,0.0729933069575432,0.9999999998356188,-0.0110079453623441,-0.9270066928780756,0.08400125231988731
42,shift_risk,3,all_context,series_mean,0.0034935855723616,-0.0234733966049121,0.0064153814881676,-0.0051911612923265,-0.0298887780930797,-0.0182822353125856
43,shift_risk,3,all_context,series_mean,6.587599793272947e-05,-0.0737932105576415,0.0065929064264879,-0.0318365672278817,-0.0803861169841294,-0.0419566433297598
44,shift_risk,6,all_context,series_mean,0.0387440589565252,0.0557792045000617,0.1197049199978405,-0.0076415685296125,-0.0639257154977788,0.0634207730296742
45,shift_risk,3,all_context,series_mean,0.0419118199688491,0.041642418084403,-0.0484619220436837,-0.0170760268245937,0.0901043401280867,0.0587184449089967
46,shift_risk,6,all_context,series_mean,-0.3083697996128318,-0.0314583212544918,0.0218730040210597,-0.0124513228645353,-0.0533313252755515,-0.019006998389956502
