split_seed,sampling_seeds,blend,n_pairs,probe_test_r2,probe_raw_test_r2,probe_shuffled_test_r2,probe_minus_raw_r2,probe_minus_shuffled_r2,burst_wins,burst_losses,burst_ties,probe_wins,probe_losses,probe_ties,burst_win_fraction,probe_win_fraction,burst_real_minus_null_median,probe_real_minus_null_median,wape_real_over_null_median
42,[42],0.25,40,-0.0069486445937847,0.0927031565449102,-0.1380446125289087,-0.0996518011386949,0.131095967935124,16,24,0,29,11,0,0.4,0.725,-0.18176835775375375,877.6460571289062,0.9457414817201698
43,[43],0.25,40,0.1207255638925834,0.0477815626105442,-0.0617914543249173,0.0729440012820392,0.18251701821750071,17,23,0,22,18,0,0.425,0.55,-0.05486701428890231,345.126953125,0.9290192885128361
44,[44],0.25,40,0.0806059406593083,0.1743643136301221,-0.0440622599747304,-0.09375837297081378,0.1246682006340387,20,20,0,26,14,0,0.5,0.65,-0.022137999534606934,1223.4269104003906,0.9527073507177243
45,[45],0.25,40,0.2166315307696401,0.1577656616641551,-0.1013679510885325,0.058865869105485,0.3179994818581726,23,17,0,32,8,0,0.575,0.8,0.17037454247474676,4320.593017578125,1.0552816814909574
46,[46],0.25,40,0.1197497850996255,0.0806719562310558,-0.0359047521056172,0.0390778288685697,0.1556545372052427,20,20,0,22,18,0,0.5,0.55,-0.049843594431877164,317.45880126953125,0.9598159161260436
42,[42],0.5,40,-0.0069486445937847,0.0927031565449102,-0.1380446125289087,-0.0996518011386949,0.131095967935124,17,23,0,29,11,0,0.425,0.725,-0.22213377803564074,1755.2905883789062,0.9226202779163319
43,[43],0.5,40,0.1207255638925834,0.0477815626105442,-0.0617914543249173,0.0729440012820392,0.18251701821750071,15,25,0,22,18,0,0.375,0.55,-0.32254205271601677,690.2573928833008,0.8261839618623239
44,[44],0.5,40,0.0806059406593083,0.1743643136301221,-0.0440622599747304,-0.09375837297081378,0.1246682006340387,17,23,0,26,14,0,0.425,0.65,-0.23920325934886932,2446.853500366211,0.9619647214212039
45,[45],0.5,40,0.2166315307696401,0.1577656616641551,-0.1013679510885325,0.058865869105485,0.3179994818581726,19,21,0,32,8,0,0.475,0.8,-0.02254841476678849,8641.186889648438,1.063836797765886
46,[46],0.5,40,0.1197497850996255,0.0806719562310558,-0.0359047521056172,0.0390778288685697,0.1556545372052427,18,22,0,22,18,0,0.45,0.55,-0.1972164511680603,634.9140625,0.9850755243652146
42,[42],1.0,40,-0.0069486445937847,0.0927031565449102,-0.1380446125289087,-0.0996518011386949,0.131095967935124,21,19,0,29,11,0,0.525,0.725,0.1246137991547585,3510.5805053710938,1.0072987471610744
43,[43],1.0,40,0.1207255638925834,0.0477815626105442,-0.0617914543249173,0.0729440012820392,0.18251701821750071,11,29,0,22,18,0,0.275,0.55,-0.6048962995409966,1380.51220703125,0.8078609250602199
44,[44],1.0,40,0.0806059406593083,0.1743643136301221,-0.0440622599747304,-0.09375837297081378,0.1246682006340387,12,28,0,26,14,0,0.3,0.65,-1.41820327937603,4893.707336425781,0.7793990607234511
45,[45],1.0,40,0.2166315307696401,0.1577656616641551,-0.1013679510885325,0.058865869105485,0.3179994818581726,17,23,0,32,8,0,0.425,0.8,-0.33359821140766144,17282.3740234375,1.0628183777831097
46,[46],1.0,40,0.1197497850996255,0.0806719562310558,-0.0359047521056172,0.0390778288685697,0.1556545372052427,17,23,0,22,18,0,0.425,0.55,-0.6939668953418732,1269.83154296875,0.859817999599418
