benchmark,label,n_resplits,transfer_r2_macro_n_resplits,transfer_r2_macro_mean,transfer_r2_macro_ci95_half_width,raw_transfer_r2_macro_n_resplits,raw_transfer_r2_macro_mean,raw_transfer_r2_macro_ci95_half_width,transfer_minus_raw_r2_macro_n_resplits,transfer_minus_raw_r2_macro_mean,transfer_minus_raw_r2_macro_ci95_half_width
fev,coordination,5,5,-0.9382243470322038,0.6537701832211188,5,-8692.617822892067,2959.497246951352,5,8691.679598545035,2959.448831286754
fev,current_burstiness,5,5,-10470470.135578234,86161.48100552705,5,-10633688.819219066,8.807560839929801e-08,5,163218.6836408319,86161.48100547404
fev,current_sparsity,5,5,-12.276544564661041,0.6674023650228111,5,0.18180798667018996,1.857291756994418e-05,5,-12.458352551331231,0.6674174429081506
fev,future_burstiness,5,5,-11516738.394788042,158688.78931145868,5,-11536568.205760606,391462.2020985945,5,19829.81097256406,463462.09455551254
fev,future_sparsity,5,5,-228.84243378358616,15.667722842929956,5,-4.154023368395896,0.15928855808524,5,-224.68841041519028,15.732351520807256
fev,shift_risk,5,5,-34392656.38367279,518883.5366667045,5,-34961967.594604,295967.2301760334,5,569311.2109312039,663742.2660136676
lsf,coordination,5,5,-17.667906737268847,10.8962216511096,5,-0.42403119811278145,0.152361565327678,5,-17.24387553915607,11.038514258304707
lsf,current_burstiness,5,5,-85235.00810848575,1815.8509264639104,5,-58023.03446565865,20315.50553267114,5,-27211.973642827106,18653.516302919397
lsf,current_sparsity,5,5,0.0,0.0,5,0.0,0.0,5,0.0,0.0
lsf,future_burstiness,5,5,-117683.75979026724,1899.8967767071063,5,-95882.59076602533,34880.50491650214,5,-21801.16902424192,34199.73130971201
lsf,future_sparsity,5,5,0.0,0.0,5,0.0,0.0,5,0.0,0.0
lsf,shift_risk,5,5,-127172978.59295563,4300076.596995386,5,-105978876.58944888,26625736.26037798,5,-21194102.00350676,26186246.215665065
