split_seed,benchmark,label,dataset_count,transfer_r2_macro,raw_transfer_r2_macro,transfer_minus_raw_r2_macro,positive_dataset_count
42,fev,coordination,11,-1.331837245470635,-7426.772946849789,7425.441109604319,0
43,fev,coordination,11,-0.24256225462705777,-10976.500489704005,10976.257927449378,0
44,fev,coordination,11,-0.7706183667753295,-6226.283903897426,6225.513285530652,1
45,fev,coordination,11,-1.5802791563825165,-11511.292720466918,11509.712441310534,0
46,fev,coordination,11,-0.7658247119054802,-7322.239053542205,7321.473228830299,0
42,fev,current_burstiness,11,-10550437.618380291,-10633688.819219118,83251.20083882521,0
43,fev,current_burstiness,11,-10408798.6196673,-10633688.819219118,224890.199551817,0
44,fev,current_burstiness,11,-10540320.772041934,-10633688.819219118,93368.04717718728,0
45,fev,current_burstiness,11,-10414174.493820794,-10633688.819218986,219514.32539819053,0
46,fev,current_burstiness,11,-10438619.173980849,-10633688.819218991,195069.64523813958,0
42,fev,current_sparsity,11,-11.835468256547493,0.1818095449162974,-12.01727780146379,0
43,fev,current_sparsity,11,-11.59924948879973,0.18178175610531816,-11.78103124490505,0
44,fev,current_sparsity,11,-12.776254764352746,0.1818151824123704,-12.95806994676512,0
45,fev,current_sparsity,11,-12.41081153461616,0.1818166453335498,-12.592628179949712,0
46,fev,current_sparsity,11,-12.760938778989074,0.18181680458341412,-12.942755583572488,0
42,fev,future_burstiness,11,-11566349.517983189,-11677562.242115159,111212.72413197113,0
43,fev,future_burstiness,11,-11290382.287804667,-11677562.242115159,387179.9543104922,0
44,fev,future_burstiness,11,-11547906.41728559,-11677562.242115159,129655.82482957024,0
45,fev,future_burstiness,11,-11583668.597354569,-10972592.060342515,-611076.5370120535,0
46,fev,future_burstiness,11,-11595385.153512197,-11677562.242115034,82177.0886028403,0
42,fev,future_sparsity,11,-219.0921770947759,-4.287526245827677,-214.80465084894823,0
43,fev,future_sparsity,11,-213.7271607319383,-4.23288916847284,-209.49427156346547,0
44,fev,future_sparsity,11,-239.97429631774006,-4.154117216769074,-235.82017910097102,0
45,fev,future_sparsity,11,-228.8127251719925,-3.949770272415122,-224.86295489957737,0
46,fev,future_sparsity,11,-242.60580960148388,-4.1458139384947605,-238.4599956629891,0
42,fev,shift_risk,11,-34824593.29027223,-35068566.93979615,243973.6495239123,0
43,fev,shift_risk,11,-34386460.80400148,-35068566.93979615,682106.1357946679,0
44,fev,shift_risk,11,-34446880.579865664,-35068566.93979615,621686.3599304793,0
45,fev,shift_risk,11,-33708934.44355789,-35068566.93979615,1359632.4962382575,0
46,fev,shift_risk,11,-34596412.8006667,-34535570.2138354,-60842.58683129773,0
42,lsf,coordination,4,-18.940544586146167,-0.3588819668090336,-18.581662619337134,0
43,lsf,coordination,4,-3.8153394803001746,-0.6367086065405514,-3.178630873759623,0
44,lsf,coordination,4,-23.237189123595396,-0.3949885293552813,-22.84220059424012,0
45,lsf,coordination,4,-15.744932222723687,-0.40279896112529606,-15.342133261598391,0
46,lsf,coordination,4,-26.601528273578804,-0.3267779267337453,-26.27475034684506,0
42,lsf,current_burstiness,4,-85243.22811161491,-47341.41909265749,-37901.80901895743,0
43,lsf,current_burstiness,4,-87173.9083516252,-79033.84888602693,-8140.059465598276,0
44,lsf,current_burstiness,4,-83681.00534754542,-45575.36801636975,-38105.63733117566,0
45,lsf,current_burstiness,4,-86111.58706484232,-72462.42620748591,-13649.160857356397,0
46,lsf,current_burstiness,4,-83965.31166680095,-45702.11012575316,-38263.201541047776,0
42,lsf,current_sparsity,4,0.0,0.0,0.0,0
43,lsf,current_sparsity,4,0.0,0.0,0.0,0
44,lsf,current_sparsity,4,0.0,0.0,0.0,0
45,lsf,current_sparsity,4,0.0,0.0,0.0,0
46,lsf,current_sparsity,4,0.0,0.0,0.0,0
42,lsf,future_burstiness,4,-118132.57931851926,-65390.74064958023,-52741.838668939025,0
43,lsf,future_burstiness,4,-119147.27872139493,-117112.21268315855,-2035.0660382363922,0
44,lsf,future_burstiness,4,-115867.84214540686,-64930.99118511777,-50936.850960289084,0
45,lsf,future_burstiness,4,-118999.2860111489,-113803.56590575405,-5195.720105394851,0
46,lsf,future_burstiness,4,-116271.81275486629,-118175.44340651605,1903.630651649752,0
42,lsf,future_sparsity,4,0.0,0.0,0.0,0
43,lsf,future_sparsity,4,0.0,0.0,0.0,0
44,lsf,future_sparsity,4,0.0,0.0,0.0,0
45,lsf,future_sparsity,4,0.0,0.0,0.0,0
46,lsf,future_sparsity,4,0.0,0.0,0.0,0
42,lsf,shift_risk,4,-129607896.77897419,-129452311.2126279,-155585.56634628563,0
43,lsf,shift_risk,4,-129101704.25535399,-89060962.7524316,-40040741.5029224,0
44,lsf,shift_risk,4,-126307558.24597788,-129452311.2126279,3144752.966650036,0
45,lsf,shift_risk,4,-121457932.96851237,-91297119.976901,-30160812.991611388,0
46,lsf,shift_risk,4,-129389800.71595977,-90631677.79265602,-38758122.923303775,0
