label,task_type,method,model_id,weight_source,backbone_train_mode,checkpoint_path,randomize_scope,randomize_layers,seed,layer,token_position,pooling_mode,artifact_path,train_accuracy,train_macro_f1,val_accuracy,val_macro_f1,test_accuracy,test_macro_f1,baseline_train_accuracy,baseline_train_macro_f1,baseline_val_accuracy,baseline_val_macro_f1,baseline_test_accuracy,baseline_test_macro_f1,shuffled_train_accuracy,shuffled_train_macro_f1,shuffled_val_accuracy,shuffled_val_macro_f1,shuffled_test_accuracy,shuffled_test_macro_f1,suite_seed,source,runtime_layer_to_pretrained_layer
cardinality_bucket,categorical,linear_probe,Datadog/Toto-Open-Base-1.0,layer_permuted_pretrained,frozen,,,[],42,7,all_context,series_mean,cardinality_bucket__layer_7__all_context__series_mean.pt,0.5692016317016317,0.5212796090213221,0.4460286458333333,0.3674674976909983,0.4283707865168539,0.3650171406727746,0.7801087801087802,0.6310716819559335,0.8,0.6407950174985702,0.7865168539325843,0.6526642151975545,0.2276612276612276,0.2006953819681641,0.2188802083333333,0.1958299335113994,0.2160580524344569,0.1988329700277174,42,layer_permuted_pretrained,"[6, 8, 1, 7, 0, 2, 10, 11, 4, 3, 5, 9]"
domain,categorical,linear_probe,Datadog/Toto-Open-Base-1.0,layer_permuted_pretrained,frozen,,,[],42,8,final_context,series_mean,domain__layer_8__final_context__series_mean.pt,0.975562072336266,0.971739938723581,0.4727755644090305,0.417636992273463,0.4544405997693195,0.394867892844009,0.3890518084066471,0.3742380771401452,0.4249667994687915,0.400219479860032,0.3875432525951557,0.3648154914139569,0.3626588465298143,0.3087824448301111,0.3678618857901726,0.3292459631428305,0.4025374855824682,0.3664096834726589,42,layer_permuted_pretrained,"[6, 8, 1, 7, 0, 2, 10, 11, 4, 3, 5, 9]"
frequency_bucket,categorical,linear_probe,Datadog/Toto-Open-Base-1.0,layer_permuted_pretrained,frozen,,,[],42,0,final_context,series_mean,frequency_bucket__layer_0__final_context__series_mean.pt,0.9797979797979798,0.9610417733898384,0.7645833333333333,0.621691368788143,0.7359550561797753,0.5646009101896132,0.5027195027195027,0.4617680730606974,0.478125,0.4477912684060966,0.4747191011235955,0.4218364461856904,0.7311577311577312,0.4858229566952409,0.6427083333333333,0.4652731202632061,0.6685393258426966,0.479159319344031,42,layer_permuted_pretrained,"[6, 8, 1, 7, 0, 2, 10, 11, 4, 3, 5, 9]"
metric_type,categorical,linear_probe,Datadog/Toto-Open-Base-1.0,layer_permuted_pretrained,frozen,,,[],42,2,final_context,series_mean,metric_type__layer_2__final_context__series_mean.pt,0.9887550200803212,0.9900679707934472,0.5309446254071661,0.4739226094163725,0.4551656920077973,0.4100440049652877,0.3670682730923695,0.3411676709397024,0.3680781758957654,0.3533098400156462,0.347953216374269,0.3325720813091838,0.4016064257028112,0.3377627263809173,0.3865363735070575,0.3380842321885632,0.3966861598440546,0.3696865199083735,42,layer_permuted_pretrained,"[6, 8, 1, 7, 0, 2, 10, 11, 4, 3, 5, 9]"
cardinality_bucket,categorical,linear_probe,Datadog/Toto-Open-Base-1.0,layer_permuted_pretrained,frozen,,,[],43,10,all_context,series_mean,cardinality_bucket__layer_10__all_context__series_mean.pt,0.6342765339966833,0.5750838640964266,0.5124648876404494,0.4498861066214605,0.5004239341085271,0.4591349028747174,0.7860696517412935,0.6370346003813082,0.7846441947565543,0.6288303698026222,0.7625968992248062,0.6538912858909894,0.2021662520729684,0.1831701454055307,0.2109667602996254,0.1987750238219201,0.2120881782945736,0.202154163569198,43,layer_permuted_pretrained,"[4, 6, 7, 2, 9, 8, 1, 5, 0, 10, 11, 3]"
domain,categorical,linear_probe,Datadog/Toto-Open-Base-1.0,layer_permuted_pretrained,frozen,,,[],43,4,all_context,series_mean,domain__layer_4__all_context__series_mean.pt,0.6180139720558883,0.5787521864054375,0.4626766784452297,0.4127726649413324,0.4731257744733581,0.4083356579023925,0.4241516966067864,0.4160437050189278,0.408716136631331,0.3957265088793338,0.4114002478314746,0.3914636510649245,0.3836077844311377,0.348666610332772,0.3500441696113074,0.3215399827859275,0.3489776951672863,0.3177060888089623,43,layer_permuted_pretrained,"[4, 6, 7, 2, 9, 8, 1, 5, 0, 10, 11, 3]"
frequency_bucket,categorical,linear_probe,Datadog/Toto-Open-Base-1.0,layer_permuted_pretrained,frozen,,,[],43,0,final_context,series_mean,frequency_bucket__layer_0__final_context__series_mean.pt,0.9800995024875622,0.9535179510897844,0.7612359550561798,0.5992542485612501,0.749031007751938,0.5814567462399098,0.4461028192371476,0.4047137688869972,0.4082397003745318,0.3830020622175419,0.4738372093023256,0.4303958430533066,0.7877280265339967,0.5099210758573397,0.7059925093632958,0.5225490475241322,0.7180232558139535,0.5178026939670745,43,layer_permuted_pretrained,"[4, 6, 7, 2, 9, 8, 1, 5, 0, 10, 11, 3]"
metric_type,categorical,linear_probe,Datadog/Toto-Open-Base-1.0,layer_permuted_pretrained,frozen,,,[],43,2,final_context,series_mean,metric_type__layer_2__final_context__series_mean.pt,0.9609375,0.9611606084039828,0.5014409221902018,0.4415770213915144,0.4884884884884884,0.4240827759506766,0.4097222222222222,0.3733528120143555,0.3611911623439001,0.3298163430996024,0.4214214214214214,0.390223101860624,0.3767361111111111,0.319867950203474,0.4053794428434198,0.3726446195488579,0.4074074074074074,0.3769165259829885,43,layer_permuted_pretrained,"[4, 6, 7, 2, 9, 8, 1, 5, 0, 10, 11, 3]"
cardinality_bucket,categorical,linear_probe,Datadog/Toto-Open-Base-1.0,layer_permuted_pretrained,frozen,,,[],44,8,all_context,series_mean,cardinality_bucket__layer_8__all_context__series_mean.pt,0.5858050847457628,0.5451146542912445,0.4625726744186046,0.3902340949981465,0.4742611434108527,0.4090852300489943,0.7756255044390638,0.6460050910176777,0.7790697674418605,0.61096563704119,0.750968992248062,0.59987582810675,0.2112086359967716,0.1916813455520522,0.2283187984496124,0.2050732919903976,0.2061531007751938,0.1928299277685051,44,layer_permuted_pretrained,"[4, 5, 9, 3, 7, 1, 8, 6, 11, 0, 10, 2]"
domain,categorical,linear_probe,Datadog/Toto-Open-Base-1.0,layer_permuted_pretrained,frozen,,,[],44,9,final_context,series_mean,domain__layer_9__final_context__series_mean.pt,0.9291666666666668,0.907863392558594,0.4359903381642512,0.3946842996651425,0.4148418491484185,0.3853702302418435,0.440625,0.4302715325358934,0.4154589371980676,0.3919893630033937,0.3381995133819951,0.3219735249065211,0.384375,0.30918378439074,0.3828502415458937,0.3315050356013482,0.3333333333333333,0.2711953465105327,44,layer_permuted_pretrained,"[4, 5, 9, 3, 7, 1, 8, 6, 11, 0, 10, 2]"
frequency_bucket,categorical,linear_probe,Datadog/Toto-Open-Base-1.0,layer_permuted_pretrained,frozen,,,[],44,0,final_context,series_mean,frequency_bucket__layer_0__final_context__series_mean.pt,0.9741727199354318,0.9467669172932331,0.747093023255814,0.58331412482693,0.7567829457364341,0.5840841106039028,0.4035512510088781,0.3810967098703888,0.3885658914728682,0.3751893788565403,0.375,0.3533099582921647,0.7570621468926554,0.5120113263293978,0.6579457364341085,0.4618131320219532,0.6705426356589147,0.491831769204032,44,layer_permuted_pretrained,"[4, 5, 9, 3, 7, 1, 8, 6, 11, 0, 10, 2]"
metric_type,categorical,linear_probe,Datadog/Toto-Open-Base-1.0,layer_permuted_pretrained,frozen,,,[],44,10,final_context,series_mean,metric_type__layer_10__final_context__series_mean.pt,0.9681742043551088,0.9724195341141252,0.4940119760479042,0.4289015367103017,0.5132113821138211,0.437649213481295,0.4020100502512563,0.3997224214575209,0.3722554890219561,0.3646257257970253,0.3526422764227642,0.3385619815325808,0.3283082077051926,0.3041540482393037,0.3413173652694611,0.3120115766364407,0.3353658536585366,0.3085106728485535,44,layer_permuted_pretrained,"[4, 5, 9, 3, 7, 1, 8, 6, 11, 0, 10, 2]"
cardinality_bucket,categorical,linear_probe,Datadog/Toto-Open-Base-1.0,layer_permuted_pretrained,frozen,,,[],45,0,all_context,series_mean,cardinality_bucket__layer_0__all_context__series_mean.pt,0.7882621951219512,0.7239349936723909,0.6693840579710145,0.5626659738890455,0.6863754734848485,0.5868275040110987,0.7902439024390244,0.6638178296671083,0.7120772946859903,0.5482508990726684,0.7547348484848485,0.6322687804025924,0.2317073170731707,0.2093133022409842,0.2340579710144927,0.2197583688236254,0.2391098484848484,0.2247307056868265,45,layer_permuted_pretrained,"[11, 6, 3, 0, 4, 5, 7, 10, 2, 1, 8, 9]"
domain,categorical,linear_probe,Datadog/Toto-Open-Base-1.0,layer_permuted_pretrained,frozen,,,[],45,1,first_decode,series_mean,domain__layer_1__first_decode__series_mean.pt,0.9247967479674796,0.909152640620599,0.4377224199288256,0.3795648596272776,0.4227941176470588,0.3881704768043124,0.483739837398374,0.3997002578113855,0.4922894424673784,0.395197210281263,0.4436274509803921,0.3831545606651588,0.391260162601626,0.3380551069237915,0.4306049822064057,0.3657028501427833,0.392156862745098,0.3444973994531984,45,layer_permuted_pretrained,"[11, 6, 3, 0, 4, 5, 7, 10, 2, 1, 8, 9]"
frequency_bucket,categorical,linear_probe,Datadog/Toto-Open-Base-1.0,layer_permuted_pretrained,frozen,,,[],45,4,final_context,series_mean,frequency_bucket__layer_4__final_context__series_mean.pt,0.9902439024390244,0.9802943563891144,0.7642512077294686,0.5686144553616573,0.7348484848484849,0.5470144131777626,0.5227642276422764,0.4621222336368601,0.5043478260869565,0.4335084164738191,0.5246212121212122,0.4495408271341881,0.7479674796747967,0.5002254424964349,0.7082125603864734,0.4966536980018808,0.6903409090909091,0.4888560276034798,45,layer_permuted_pretrained,"[11, 6, 3, 0, 4, 5, 7, 10, 2, 1, 8, 9]"
metric_type,categorical,linear_probe,Datadog/Toto-Open-Base-1.0,layer_permuted_pretrained,frozen,,,[],45,0,final_context,series_mean,metric_type__layer_0__final_context__series_mean.pt,0.9009235936188076,0.8920915581815235,0.5,0.457454314418879,0.4647058823529412,0.4045193763851986,0.3870696893366918,0.3392820854548065,0.3832335329341317,0.3521632397958179,0.3794117647058823,0.3354208343830203,0.3669185558354324,0.3104903122853862,0.406187624750499,0.371026594525728,0.4019607843137255,0.3520022014045918,45,layer_permuted_pretrained,"[11, 6, 3, 0, 4, 5, 7, 10, 2, 1, 8, 9]"
cardinality_bucket,categorical,linear_probe,Datadog/Toto-Open-Base-1.0,layer_permuted_pretrained,frozen,,,[],46,5,first_decode,series_mean,cardinality_bucket__layer_5__first_decode__series_mean.pt,0.976840363937138,0.9796697232583867,0.3952380952380952,0.3455153924544303,0.3724928366762177,0.3207735543407582,0.7692307692307693,0.638472371220336,0.7638095238095238,0.6362404065606292,0.7516714422158548,0.6147733734729577,0.3548387096774194,0.2434152430883454,0.2361904761904762,0.1762698492747135,0.2521489971346705,0.185071054528986,46,layer_permuted_pretrained,"[9, 5, 4, 0, 6, 8, 2, 7, 3, 1, 11, 10]"
domain,categorical,linear_probe,Datadog/Toto-Open-Base-1.0,layer_permuted_pretrained,frozen,,,[],46,0,all_context,series_mean,domain__layer_0__all_context__series_mean.pt,0.5880335365853658,0.5585045779029743,0.455912558685446,0.3996540912845756,0.4277098997493734,0.3951203882045873,0.4217479674796748,0.4140252163566066,0.4037558685446009,0.393946800976356,0.4022556390977443,0.3945195195195195,0.3409552845528455,0.3235739678353533,0.3397887323943662,0.3207178809384378,0.3297305764411027,0.3170959770642091,46,layer_permuted_pretrained,"[9, 5, 4, 0, 6, 8, 2, 7, 3, 1, 11, 10]"
frequency_bucket,categorical,linear_probe,Datadog/Toto-Open-Base-1.0,layer_permuted_pretrained,frozen,,,[],46,4,final_context,series_mean,frequency_bucket__layer_4__final_context__series_mean.pt,0.9917287014061208,0.9841153470185728,0.7476190476190476,0.5643760597051377,0.7468958930276982,0.5565069779560208,0.4383788254755996,0.4172898413593028,0.4361904761904762,0.4051105368934826,0.4221585482330468,0.3889731863374468,0.7518610421836228,0.5356286873156342,0.659047619047619,0.4870612251581527,0.6609360076408787,0.5031673192008117,46,layer_permuted_pretrained,"[9, 5, 4, 0, 6, 8, 2, 7, 3, 1, 11, 10]"
metric_type,categorical,linear_probe,Datadog/Toto-Open-Base-1.0,layer_permuted_pretrained,frozen,,,[],46,3,final_context,series_mean,metric_type__layer_3__final_context__series_mean.pt,0.967965367965368,0.9719181778017392,0.4911242603550296,0.4291958719785082,0.4790419161676646,0.4225735122870411,0.3844155844155844,0.3585588962367546,0.373767258382643,0.3412707330986901,0.3672654690618762,0.3408732460740993,0.3696969696969697,0.329791018099614,0.3570019723865877,0.3309008832208616,0.3413173652694611,0.3225023007322709,46,layer_permuted_pretrained,"[9, 5, 4, 0, 6, 8, 2, 7, 3, 1, 11, 10]"
