left_label,right_label,split,series_count,left_cardinality,right_cardinality,cramers_v,formula,unit,suite_seed
domain,metric_type,all,1105,4,4,0.3941863913891175,"sqrt((chi2 / n) / min(r - 1, c - 1))",series,42
domain,frequency_bucket,all,1105,4,2,0.0589704683904949,"sqrt((chi2 / n) / min(r - 1, c - 1))",series,42
metric_type,frequency_bucket,all,1105,4,2,0.0389845301165047,"sqrt((chi2 / n) / min(r - 1, c - 1))",series,42
domain,metric_type,train,429,4,4,0.3994021545630447,"sqrt((chi2 / n) / min(r - 1, c - 1))",series,42
domain,frequency_bucket,train,429,4,2,0.1154093189367128,"sqrt((chi2 / n) / min(r - 1, c - 1))",series,42
metric_type,frequency_bucket,train,429,4,2,0.0554783975843687,"sqrt((chi2 / n) / min(r - 1, c - 1))",series,42
domain,metric_type,val,320,4,4,0.4016381763644662,"sqrt((chi2 / n) / min(r - 1, c - 1))",series,42
domain,frequency_bucket,val,320,4,2,0.0789972591237951,"sqrt((chi2 / n) / min(r - 1, c - 1))",series,42
metric_type,frequency_bucket,val,320,4,2,0.0909036443119132,"sqrt((chi2 / n) / min(r - 1, c - 1))",series,42
domain,metric_type,test,356,4,4,0.3907329422637559,"sqrt((chi2 / n) / min(r - 1, c - 1))",series,42
domain,frequency_bucket,test,356,4,2,0.0819637900421606,"sqrt((chi2 / n) / min(r - 1, c - 1))",series,42
metric_type,frequency_bucket,test,356,4,2,0.0890201122628033,"sqrt((chi2 / n) / min(r - 1, c - 1))",series,42
domain,metric_type,all,1102,4,4,0.4163010769645943,"sqrt((chi2 / n) / min(r - 1, c - 1))",series,43
domain,frequency_bucket,all,1102,4,2,0.0558302612170641,"sqrt((chi2 / n) / min(r - 1, c - 1))",series,43
metric_type,frequency_bucket,all,1102,4,2,0.0583474045787295,"sqrt((chi2 / n) / min(r - 1, c - 1))",series,43
domain,metric_type,train,402,4,4,0.4317200319134927,"sqrt((chi2 / n) / min(r - 1, c - 1))",series,43
domain,frequency_bucket,train,402,4,2,0.1300953661389644,"sqrt((chi2 / n) / min(r - 1, c - 1))",series,43
metric_type,frequency_bucket,train,402,4,2,0.1249882710259666,"sqrt((chi2 / n) / min(r - 1, c - 1))",series,43
domain,metric_type,val,356,4,4,0.4058946070311522,"sqrt((chi2 / n) / min(r - 1, c - 1))",series,43
domain,frequency_bucket,val,356,4,2,0.1090600525242674,"sqrt((chi2 / n) / min(r - 1, c - 1))",series,43
metric_type,frequency_bucket,val,356,4,2,0.0633377097844252,"sqrt((chi2 / n) / min(r - 1, c - 1))",series,43
domain,metric_type,test,344,4,4,0.4137233640189278,"sqrt((chi2 / n) / min(r - 1, c - 1))",series,43
domain,frequency_bucket,test,344,4,2,0.0589048086493911,"sqrt((chi2 / n) / min(r - 1, c - 1))",series,43
metric_type,frequency_bucket,test,344,4,2,0.1116367261620125,"sqrt((chi2 / n) / min(r - 1, c - 1))",series,43
domain,metric_type,all,1101,4,4,0.4053811726661087,"sqrt((chi2 / n) / min(r - 1, c - 1))",series,44
domain,frequency_bucket,all,1101,4,2,0.0524806641461679,"sqrt((chi2 / n) / min(r - 1, c - 1))",series,44
metric_type,frequency_bucket,all,1101,4,2,0.0661219753440801,"sqrt((chi2 / n) / min(r - 1, c - 1))",series,44
domain,metric_type,train,413,4,4,0.3816859356879558,"sqrt((chi2 / n) / min(r - 1, c - 1))",series,44
domain,frequency_bucket,train,413,4,2,0.0525023707034231,"sqrt((chi2 / n) / min(r - 1, c - 1))",series,44
metric_type,frequency_bucket,train,413,4,2,0.1163604077883568,"sqrt((chi2 / n) / min(r - 1, c - 1))",series,44
domain,metric_type,val,344,4,4,0.4321884059244354,"sqrt((chi2 / n) / min(r - 1, c - 1))",series,44
domain,frequency_bucket,val,344,4,2,0.086389362720357,"sqrt((chi2 / n) / min(r - 1, c - 1))",series,44
metric_type,frequency_bucket,val,344,4,2,0.0480097515014966,"sqrt((chi2 / n) / min(r - 1, c - 1))",series,44
domain,metric_type,test,344,4,4,0.4181779491652609,"sqrt((chi2 / n) / min(r - 1, c - 1))",series,44
domain,frequency_bucket,test,344,4,2,0.1265084673300905,"sqrt((chi2 / n) / min(r - 1, c - 1))",series,44
metric_type,frequency_bucket,test,344,4,2,0.0360880407754281,"sqrt((chi2 / n) / min(r - 1, c - 1))",series,44
domain,metric_type,all,1107,4,4,0.400138899661447,"sqrt((chi2 / n) / min(r - 1, c - 1))",series,45
domain,frequency_bucket,all,1107,4,2,0.0670043416621287,"sqrt((chi2 / n) / min(r - 1, c - 1))",series,45
metric_type,frequency_bucket,all,1107,4,2,0.0552372606379249,"sqrt((chi2 / n) / min(r - 1, c - 1))",series,45
domain,metric_type,train,410,4,4,0.4167663024841496,"sqrt((chi2 / n) / min(r - 1, c - 1))",series,45
domain,frequency_bucket,train,410,4,2,0.0820426897710279,"sqrt((chi2 / n) / min(r - 1, c - 1))",series,45
metric_type,frequency_bucket,train,410,4,2,0.0790892029231739,"sqrt((chi2 / n) / min(r - 1, c - 1))",series,45
domain,metric_type,val,345,4,4,0.4164091702469257,"sqrt((chi2 / n) / min(r - 1, c - 1))",series,45
domain,frequency_bucket,val,345,4,2,0.0696244876874091,"sqrt((chi2 / n) / min(r - 1, c - 1))",series,45
metric_type,frequency_bucket,val,345,4,2,0.0837689631006355,"sqrt((chi2 / n) / min(r - 1, c - 1))",series,45
domain,metric_type,test,352,4,4,0.3899657179579169,"sqrt((chi2 / n) / min(r - 1, c - 1))",series,45
domain,frequency_bucket,test,352,4,2,0.1374995094645181,"sqrt((chi2 / n) / min(r - 1, c - 1))",series,45
metric_type,frequency_bucket,test,352,4,2,0.1052669797582346,"sqrt((chi2 / n) / min(r - 1, c - 1))",series,45
domain,metric_type,all,1102,4,4,0.3944633621014485,"sqrt((chi2 / n) / min(r - 1, c - 1))",series,46
domain,frequency_bucket,all,1102,4,2,0.0411464892935099,"sqrt((chi2 / n) / min(r - 1, c - 1))",series,46
metric_type,frequency_bucket,all,1102,4,2,0.0308668548016189,"sqrt((chi2 / n) / min(r - 1, c - 1))",series,46
domain,metric_type,train,403,4,4,0.4122334981389032,"sqrt((chi2 / n) / min(r - 1, c - 1))",series,46
domain,frequency_bucket,train,403,4,2,0.0818755522181288,"sqrt((chi2 / n) / min(r - 1, c - 1))",series,46
metric_type,frequency_bucket,train,403,4,2,0.0915964080844824,"sqrt((chi2 / n) / min(r - 1, c - 1))",series,46
domain,metric_type,val,350,4,4,0.4038127640411871,"sqrt((chi2 / n) / min(r - 1, c - 1))",series,46
domain,frequency_bucket,val,350,4,2,0.1208717311627872,"sqrt((chi2 / n) / min(r - 1, c - 1))",series,46
metric_type,frequency_bucket,val,350,4,2,0.0997856907090812,"sqrt((chi2 / n) / min(r - 1, c - 1))",series,46
domain,metric_type,test,349,4,4,0.3738049413310755,"sqrt((chi2 / n) / min(r - 1, c - 1))",series,46
domain,frequency_bucket,test,349,4,2,0.0880717654696317,"sqrt((chi2 / n) / min(r - 1, c - 1))",series,46
metric_type,frequency_bucket,test,349,4,2,0.0526758628231651,"sqrt((chi2 / n) / min(r - 1, c - 1))",series,46
