left_label,right_label,split,cramers_v_mean,cramers_v_ci95,cramers_v_n,series_count_mean
domain,frequency_bucket,all,0.05508644494187309,0.01175960726927892,5,1103.4
domain,frequency_bucket,test,0.09858966819115841,0.04049885268073106,5,349.0
domain,frequency_bucket,train,0.09238505955365141,0.03806984629527137,5,411.4
domain,frequency_bucket,val,0.09298857864372316,0.026492508983475743,5,343.0
domain,metric_type,all,0.40209418055654317,0.011400779143569155,5,1103.4
domain,metric_type,test,0.39728098294738745,0.022849228632443902,5,349.0
domain,metric_type,train,0.40836158455750915,0.023420344617077742,5,411.4
domain,metric_type,val,0.4119886247216333,0.01568981281749034,5,343.0
metric_type,frequency_bucket,all,0.049911605095771625,0.018040537260384015,5,1103.4
metric_type,frequency_bucket,test,0.07893754435632873,0.041133995666002975,5,349.0
metric_type,frequency_bucket,train,0.09350253748126967,0.03496031945433474,5,411.4
metric_type,frequency_bucket,val,0.07716115188151035,0.026231755202473984,5,343.0
