label,task_type,method,model_id,weight_source,backbone_train_mode,checkpoint_path,randomize_scope,randomize_layers,seed,layer,token_position,pooling_mode,artifact_path,train_accuracy,train_macro_f1,val_accuracy,val_macro_f1,test_accuracy,test_macro_f1,baseline_train_accuracy,baseline_train_macro_f1,baseline_val_accuracy,baseline_val_macro_f1,baseline_test_accuracy,baseline_test_macro_f1,shuffled_train_accuracy,shuffled_train_macro_f1,shuffled_val_accuracy,shuffled_val_macro_f1,shuffled_test_accuracy,shuffled_test_macro_f1,raw_window_family,parameter_count,selected_epoch,selected_validation_score,training_seconds,peak_vram_bytes,suite_seed,feature_family,feature_names,feature_count,gbdt_backend,gbdt_params
cardinality_bucket,categorical,fno,Datadog/Toto-Open-Base-1.0,pretrained,frozen,,,[],42,-2,window,window,cardinality_bucket__fno__window.pt,0.98989898989899,0.9887186072244324,0.9802083333333332,0.9650675404997344,0.9765917602996256,0.9644088645640684,0.7622377622377622,0.6139077245889796,0.7739583333333333,0.6153621489899659,0.7715355805243446,0.6440320602589389,0.3752913752913753,0.2556675348259327,0.39375,0.2692720978900094,0.3576779026217228,0.2438197400368784,fno,105924.0,16.0,0.9650675404997344,13.016980399144812,4002542080,42,,,,,
domain,categorical,fno,Datadog/Toto-Open-Base-1.0,pretrained,frozen,,,[],42,-2,window,window,domain__fno__window.pt,0.509286412512219,0.4282075558261034,0.5179282868525896,0.3757572169730496,0.469434832756632,0.322110355954008,0.3890518084066471,0.3742380771401452,0.4249667994687915,0.400219479860032,0.3875432525951557,0.3648154914139569,0.3528836754643206,0.2823053654418794,0.3917662682602921,0.3330960399271594,0.4175317185697808,0.3581884170915811,fno,105891.0,7.0,0.3757572169730496,10.492706835037096,3193522688,42,,,,,
frequency_bucket,categorical,fno,Datadog/Toto-Open-Base-1.0,pretrained,frozen,,,[],42,-2,window,window,frequency_bucket__fno__window.pt,0.90986790986791,0.823232705951445,0.8364583333333333,0.6972271941084655,0.8576779026217228,0.6895040051412702,0.5027195027195027,0.4617680730606974,0.478125,0.4477912684060966,0.4747191011235955,0.4218364461856904,0.3209013209013209,0.3156254563154052,0.328125,0.3259124186919957,0.296816479400749,0.287976613523924,fno,105891.0,18.0,0.6972271941084655,13.231854879064484,4002542080,42,,,,,
metric_type,categorical,fno,Datadog/Toto-Open-Base-1.0,pretrained,frozen,,,[],42,-2,window,window,metric_type__fno__window.pt,0.5124497991967871,0.4943121542832732,0.3724212812160695,0.3477673047035563,0.378167641325536,0.3653878537655114,0.3670682730923695,0.3411676709397024,0.3680781758957654,0.3533098400156462,0.347953216374269,0.3325720813091838,0.4393574297188755,0.2995762062687617,0.4017372421281216,0.2634432285963847,0.4035087719298245,0.2640729864963168,fno,105891.0,14.0,0.3477673047035563,12.85598591901362,3856665088,42,,,,,
cardinality_bucket,categorical,cnn,Datadog/Toto-Open-Base-1.0,pretrained,frozen,,,[],42,-2,window,window,cardinality_bucket__cnn__window.pt,0.9984459984459984,0.9988311688311688,0.98125,0.9667242445567568,0.9728464419475656,0.9571258151786906,0.7622377622377622,0.6139077245889796,0.7739583333333333,0.6153621489899659,0.7715355805243446,0.6440320602589389,0.2346542346542346,0.2123720314081994,0.1875,0.1580474272740157,0.2106741573033707,0.1865736140153425,cnn,39556.0,6.0,0.9667242445567568,11.505373243009672,3235966976,42,,,,,
domain,categorical,cnn,Datadog/Toto-Open-Base-1.0,pretrained,frozen,,,[],42,-2,window,window,domain__cnn__window.pt,0.6979472140762464,0.6734832419042945,0.5245683930942895,0.4519180834970308,0.483275663206459,0.4093836398774959,0.3890518084066471,0.3742380771401452,0.4249667994687915,0.400219479860032,0.3875432525951557,0.3648154914139569,0.3284457478005865,0.2598026436179526,0.3598937583001328,0.3051970752227887,0.4083044982698962,0.3527270738392444,cnn,39523.0,17.0,0.4519180834970308,8.668793296907097,2583486464,42,,,,,
frequency_bucket,categorical,cnn,Datadog/Toto-Open-Base-1.0,pretrained,frozen,,,[],42,-2,window,window,frequency_bucket__cnn__window.pt,0.8057498057498057,0.6767631103074141,0.7385416666666667,0.5700206460040078,0.7415730337078652,0.5508009655475093,0.5027195027195027,0.4617680730606974,0.478125,0.4477912684060966,0.4747191011235955,0.4218364461856904,0.519036519036519,0.4435587797104546,0.5270833333333333,0.4704278472522612,0.5365168539325843,0.4559448720442357,cnn,39523.0,14.0,0.5700206460040078,11.039053410990164,3235966976,42,,,,,
metric_type,categorical,cnn,Datadog/Toto-Open-Base-1.0,pretrained,frozen,,,[],42,-2,window,window,metric_type__cnn__window.pt,0.6224899598393574,0.5969269164472363,0.4690553745928338,0.4198384261167658,0.4230019493177387,0.4044047664162334,0.3670682730923695,0.3411676709397024,0.3680781758957654,0.3533098400156462,0.347953216374269,0.3325720813091838,0.3493975903614458,0.2649521626558308,0.3615635179153094,0.2387017779268701,0.3489278752436647,0.2471405189299418,cnn,39523.0,17.0,0.4198384261167658,10.610311452066526,3118166016,42,,,,,
cardinality_bucket,categorical,transformer,Datadog/Toto-Open-Base-1.0,pretrained,frozen,,,[],42,-2,window,window,cardinality_bucket__transformer__window.pt,0.9953379953379954,0.9910914860159497,0.965625,0.932010947574998,0.9719101123595506,0.9534446088592856,0.7622377622377622,0.6139077245889796,0.7739583333333333,0.6153621489899659,0.7715355805243446,0.6440320602589389,0.3372183372183372,0.239044881193688,0.3354166666666666,0.2469856259623226,0.3286516853932584,0.2459088679143453,transformer,246756.0,9.0,0.932010947574998,15.42817968991585,2812832256,42,,,,,
domain,categorical,transformer,Datadog/Toto-Open-Base-1.0,pretrained,frozen,,,[],42,-2,window,window,domain__transformer__window.pt,0.8475073313782991,0.8384068435150308,0.4674634794156706,0.4163811742168889,0.4636678200692041,0.3991898555065085,0.3890518084066471,0.3742380771401452,0.4249667994687915,0.400219479860032,0.3875432525951557,0.3648154914139569,0.3714565004887585,0.319855925614942,0.3625498007968127,0.3309080014262682,0.3529411764705882,0.3113638083705441,transformer,246723.0,16.0,0.4163811742168889,12.029396541882306,2246984704,42,,,,,
frequency_bucket,categorical,transformer,Datadog/Toto-Open-Base-1.0,pretrained,frozen,,,[],42,-2,window,window,frequency_bucket__transformer__window.pt,0.9261849261849262,0.8613726786315619,0.771875,0.5903982044852799,0.7930711610486891,0.5863504843156052,0.5027195027195027,0.4617680730606974,0.478125,0.4477912684060966,0.4747191011235955,0.4218364461856904,0.7342657342657343,0.4788412537533981,0.7208333333333333,0.5048918105472208,0.7303370786516854,0.5010382059800664,transformer,246723.0,11.0,0.5903982044852799,14.725180024979636,2812832256,42,,,,,
metric_type,categorical,transformer,Datadog/Toto-Open-Base-1.0,pretrained,frozen,,,[],42,-2,window,window,metric_type__transformer__window.pt,0.7895582329317269,0.7760901832905273,0.4505971769815418,0.4212449847967628,0.4152046783625731,0.3930309870969333,0.3670682730923695,0.3411676709397024,0.3680781758957654,0.3533098400156462,0.347953216374269,0.3325720813091838,0.3349397590361446,0.3049429723672691,0.3745928338762215,0.3349205609049946,0.3664717348927875,0.3386789635531826,transformer,246723.0,18.0,0.4212449847967628,14.356865218142048,2709901824,42,,,,,
cardinality_bucket,categorical,gbdt,Datadog/Toto-Open-Base-1.0,pretrained,frozen,,,[],42,-3,window,window,cardinality_bucket__gbdt__window.pt,0.9968919968919968,0.9969658994572062,0.8333333333333334,0.6520778880113918,0.8258426966292135,0.6907524563751968,,,,,,,0.3791763791763792,0.2511500230626662,0.459375,0.23078142895516,0.4213483146067415,0.2270132260007939,gbdt_spectral_autocorrelation_last_patch,,,,4.25876353494823,0,42,"{'last_patch': ['last_patch_mean', 'last_patch_std', 'last_patch_zero_fraction', 'last_patch_abs_mean', 'last_patch_abs_max', 'last_patch_variate_mean_std'], 'spectral': ['spectral_low_band_power', 'spectral_mid_band_power', 'spectral_high_band_power', 'spectral_entropy', 'spectral_dominant_frequency', 'spectral_flatness'], 'autocorrelation': ['autocorr_lag_1', 'autocorr_lag_patch', 'autocorr_lag_2patch']}","['last_patch_mean', 'last_patch_std', 'last_patch_zero_fraction', 'last_patch_abs_mean', 'last_patch_abs_max', 'last_patch_variate_mean_std', 'spectral_low_band_power', 'spectral_mid_band_power', 'spectral_high_band_power', 'spectral_entropy', 'spectral_dominant_frequency', 'spectral_flatness', 'autocorr_lag_1', 'autocorr_lag_patch', 'autocorr_lag_2patch']",15.0,hist_gradient_boosting,"{'backend': 'auto', 'max_iter': 300, 'learning_rate': 0.05, 'max_leaf_nodes': 31, 'max_depth': 6, 'min_samples_leaf': 20, 'l2_regularization': 0.0001, 'n_jobs': 1, 'seed': 42, 'resolved_backend': 'hist_gradient_boosting'}"
domain,categorical,gbdt,Datadog/Toto-Open-Base-1.0,pretrained,frozen,,,[],42,-3,window,window,domain__gbdt__window.pt,1.0,1.0,0.5737051792828686,0.4677641723356009,0.5697808535178778,0.433632704906908,,,,,,,0.3880742913000977,0.315033087128613,0.4302788844621514,0.3243037891408886,0.4752018454440599,0.3647192759882711,gbdt_spectral_autocorrelation_last_patch,,,,3.577869299100712,0,42,"{'last_patch': ['last_patch_mean', 'last_patch_std', 'last_patch_zero_fraction', 'last_patch_abs_mean', 'last_patch_abs_max', 'last_patch_variate_mean_std'], 'spectral': ['spectral_low_band_power', 'spectral_mid_band_power', 'spectral_high_band_power', 'spectral_entropy', 'spectral_dominant_frequency', 'spectral_flatness'], 'autocorrelation': ['autocorr_lag_1', 'autocorr_lag_patch', 'autocorr_lag_2patch']}","['last_patch_mean', 'last_patch_std', 'last_patch_zero_fraction', 'last_patch_abs_mean', 'last_patch_abs_max', 'last_patch_variate_mean_std', 'spectral_low_band_power', 'spectral_mid_band_power', 'spectral_high_band_power', 'spectral_entropy', 'spectral_dominant_frequency', 'spectral_flatness', 'autocorr_lag_1', 'autocorr_lag_patch', 'autocorr_lag_2patch']",15.0,hist_gradient_boosting,"{'backend': 'auto', 'max_iter': 300, 'learning_rate': 0.05, 'max_leaf_nodes': 31, 'max_depth': 6, 'min_samples_leaf': 20, 'l2_regularization': 0.0001, 'n_jobs': 1, 'seed': 42, 'resolved_backend': 'hist_gradient_boosting'}"
frequency_bucket,categorical,gbdt,Datadog/Toto-Open-Base-1.0,pretrained,frozen,,,[],42,-3,window,window,frequency_bucket__gbdt__window.pt,1.0,1.0,0.81875,0.62962634477743,0.8220973782771536,0.5635565879468318,,,,,,,0.7404817404817405,0.4910321016188158,0.8083333333333333,0.4865116279069767,0.8333333333333334,0.4858441066695516,gbdt_spectral_autocorrelation_last_patch,,,,1.2618312549311668,0,42,"{'last_patch': ['last_patch_mean', 'last_patch_std', 'last_patch_zero_fraction', 'last_patch_abs_mean', 'last_patch_abs_max', 'last_patch_variate_mean_std'], 'spectral': ['spectral_low_band_power', 'spectral_mid_band_power', 'spectral_high_band_power', 'spectral_entropy', 'spectral_dominant_frequency', 'spectral_flatness'], 'autocorrelation': ['autocorr_lag_1', 'autocorr_lag_patch', 'autocorr_lag_2patch']}","['last_patch_mean', 'last_patch_std', 'last_patch_zero_fraction', 'last_patch_abs_mean', 'last_patch_abs_max', 'last_patch_variate_mean_std', 'spectral_low_band_power', 'spectral_mid_band_power', 'spectral_high_band_power', 'spectral_entropy', 'spectral_dominant_frequency', 'spectral_flatness', 'autocorr_lag_1', 'autocorr_lag_patch', 'autocorr_lag_2patch']",15.0,hist_gradient_boosting,"{'backend': 'auto', 'max_iter': 300, 'learning_rate': 0.05, 'max_leaf_nodes': 31, 'max_depth': 6, 'min_samples_leaf': 20, 'l2_regularization': 0.0001, 'n_jobs': 1, 'seed': 42, 'resolved_backend': 'hist_gradient_boosting'}"
metric_type,categorical,gbdt,Datadog/Toto-Open-Base-1.0,pretrained,frozen,,,[],42,-3,window,window,metric_type__gbdt__window.pt,1.0,1.0,0.5819761129207384,0.4975397979774387,0.5662768031189084,0.4935163133690124,,,,,,,0.3967871485943775,0.3339433909856444,0.4136807817589576,0.3027818048032156,0.3869395711500974,0.3081359836519512,gbdt_spectral_autocorrelation_last_patch,,,,3.621321818092838,0,42,"{'last_patch': ['last_patch_mean', 'last_patch_std', 'last_patch_zero_fraction', 'last_patch_abs_mean', 'last_patch_abs_max', 'last_patch_variate_mean_std'], 'spectral': ['spectral_low_band_power', 'spectral_mid_band_power', 'spectral_high_band_power', 'spectral_entropy', 'spectral_dominant_frequency', 'spectral_flatness'], 'autocorrelation': ['autocorr_lag_1', 'autocorr_lag_patch', 'autocorr_lag_2patch']}","['last_patch_mean', 'last_patch_std', 'last_patch_zero_fraction', 'last_patch_abs_mean', 'last_patch_abs_max', 'last_patch_variate_mean_std', 'spectral_low_band_power', 'spectral_mid_band_power', 'spectral_high_band_power', 'spectral_entropy', 'spectral_dominant_frequency', 'spectral_flatness', 'autocorr_lag_1', 'autocorr_lag_patch', 'autocorr_lag_2patch']",15.0,hist_gradient_boosting,"{'backend': 'auto', 'max_iter': 300, 'learning_rate': 0.05, 'max_leaf_nodes': 31, 'max_depth': 6, 'min_samples_leaf': 20, 'l2_regularization': 0.0001, 'n_jobs': 1, 'seed': 42, 'resolved_backend': 'hist_gradient_boosting'}"
cardinality_bucket,categorical,fno,Datadog/Toto-Open-Base-1.0,pretrained,frozen,,,[],43,-2,window,window,cardinality_bucket__fno__window.pt,0.9892205638474296,0.9903116466962284,0.9756554307116104,0.9637910343611452,0.9641472868217056,0.9478693023299344,0.7694859038142621,0.6220017195567058,0.7612359550561798,0.6060155878135767,0.7422480620155039,0.6329347299775476,0.0729684908789386,0.0962917860795678,0.0711610486891385,0.0966633549521613,0.0620155038759689,0.0779438620778282,fno,105924.0,20.0,0.9637910343611452,13.57401528209448,3990671872,43,,,,,
domain,categorical,fno,Datadog/Toto-Open-Base-1.0,pretrained,frozen,,,[],43,-2,window,window,domain__fno__window.pt,0.6107784431137725,0.5827862483814287,0.5041224970553593,0.4576163082391851,0.4969021065675341,0.4597469607011592,0.4221556886227545,0.4141724269026059,0.4063604240282685,0.394326188575609,0.4064436183395291,0.3878790167449961,0.3013972055888224,0.283823187394616,0.2756183745583039,0.2605810711471663,0.2738537794299876,0.2566660822928232,fno,105891.0,20.0,0.4576163082391851,10.81507960287854,3211538944,43,,,,,
frequency_bucket,categorical,fno,Datadog/Toto-Open-Base-1.0,pretrained,frozen,,,[],43,-2,window,window,frequency_bucket__fno__window.pt,0.835820895522388,0.6894226717235566,0.8014981273408239,0.6534908634568883,0.7868217054263565,0.6180529853909977,0.4461028192371476,0.4047137688869972,0.4082397003745318,0.3830020622175419,0.4738372093023256,0.4303958430533066,0.3640132669983416,0.3406533718913656,0.3951310861423221,0.3726900765579822,0.4137596899224806,0.3793483933497353,fno,105891.0,15.0,0.6534908634568883,13.812550778035074,3990671872,43,,,,,
metric_type,categorical,fno,Datadog/Toto-Open-Base-1.0,pretrained,frozen,,,[],43,-2,window,window,metric_type__fno__window.pt,0.4782986111111111,0.4645739967709603,0.3890489913544668,0.3789359987170342,0.4264264264264264,0.4094939813688554,0.4097222222222222,0.3733528120143555,0.3611911623439001,0.3298163430996024,0.4214214214214214,0.390223101860624,0.3611111111111111,0.2902261025510928,0.3535062439961575,0.2945169578855656,0.3363363363363363,0.2903972678173109,fno,105891.0,15.0,0.3789359987170342,13.847667342983186,3856665088,43,,,,,
cardinality_bucket,categorical,cnn,Datadog/Toto-Open-Base-1.0,pretrained,frozen,,,[],43,-2,window,window,cardinality_bucket__cnn__window.pt,1.0,1.0,0.9822097378277154,0.9611908841753222,0.9825581395348836,0.9658400951240392,0.7694859038142621,0.6220017195567058,0.7612359550561798,0.6060155878135767,0.7422480620155039,0.6329347299775476,0.0920398009950248,0.0943685418862723,0.095505617977528,0.1019303511831125,0.0881782945736434,0.0942468502308254,cnn,39556.0,14.0,0.9611908841753222,9.575204527936876,3227984384,43,,,,,
domain,categorical,cnn,Datadog/Toto-Open-Base-1.0,pretrained,frozen,,,[],43,-2,window,window,domain__cnn__window.pt,0.5968063872255489,0.5679998720413026,0.5288574793875147,0.4804414556806081,0.4919454770755886,0.4521739782207401,0.4221556886227545,0.4141724269026059,0.4063604240282685,0.394326188575609,0.4064436183395291,0.3878790167449961,0.310379241516966,0.2936216781498997,0.3404004711425206,0.3299673644427028,0.3172242874845105,0.3058710374761446,cnn,39523.0,8.0,0.4804414556806081,10.088448988972232,2598047744,43,,,,,
frequency_bucket,categorical,cnn,Datadog/Toto-Open-Base-1.0,pretrained,frozen,,,[],43,-2,window,window,frequency_bucket__cnn__window.pt,0.7802653399668324,0.637401050843727,0.7331460674157303,0.5641746336979292,0.7102713178294574,0.518782077374018,0.4461028192371476,0.4047137688869972,0.4082397003745318,0.3830020622175419,0.4738372093023256,0.4303958430533066,0.8507462686567164,0.4955053777434858,0.8314606741573034,0.4849537037037037,0.8226744186046512,0.4720902994607861,cnn,39523.0,12.0,0.5641746336979292,12.363222592975944,3227984384,43,,,,,
metric_type,categorical,cnn,Datadog/Toto-Open-Base-1.0,pretrained,frozen,,,[],43,-2,window,window,metric_type__cnn__window.pt,0.6579861111111112,0.62877223178428,0.4745437079731028,0.4453995143988483,0.5025025025025025,0.4818422663005783,0.4097222222222222,0.3733528120143555,0.3611911623439001,0.3298163430996024,0.4214214214214214,0.390223101860624,0.3402777777777778,0.2945720785833633,0.3342939481268011,0.2842755301223854,0.3493493493493493,0.3178342042958814,cnn,39523.0,20.0,0.4453995143988483,11.518970844801515,3118166016,43,,,,,
cardinality_bucket,categorical,transformer,Datadog/Toto-Open-Base-1.0,pretrained,frozen,,,[],43,-2,window,window,cardinality_bucket__transformer__window.pt,0.9983416252072967,0.9987556998222428,0.9653558052434456,0.9400562445625864,0.9854651162790696,0.9746196820283298,0.7694859038142621,0.6220017195567058,0.7612359550561798,0.6060155878135767,0.7422480620155039,0.6329347299775476,0.2097844112769485,0.1698588864515488,0.2050561797752809,0.1811700009518946,0.1947674418604651,0.1616130784824733,transformer,246756.0,7.0,0.9400562445625864,14.143267928855494,2804761088,43,,,,,
domain,categorical,transformer,Datadog/Toto-Open-Base-1.0,pretrained,frozen,,,[],43,-2,window,window,domain__transformer__window.pt,0.7934131736526946,0.7770195722507073,0.5241460541813898,0.4495304003811411,0.5080545229244114,0.444188119269303,0.4221556886227545,0.4141724269026059,0.4063604240282685,0.394326188575609,0.4064436183395291,0.3878790167449961,0.3522954091816367,0.3222752689241448,0.3698468786808009,0.3471711591048607,0.3432465923172242,0.2992888081653557,transformer,246723.0,8.0,0.4495304003811411,13.648603095905855,2259579904,43,,,,,
frequency_bucket,categorical,transformer,Datadog/Toto-Open-Base-1.0,pretrained,frozen,,,[],43,-2,window,window,frequency_bucket__transformer__window.pt,0.9262023217247096,0.8480142620265048,0.7631086142322098,0.5745508996178573,0.7422480620155039,0.5271990740740741,0.4461028192371476,0.4047137688869972,0.4082397003745318,0.3830020622175419,0.4738372093023256,0.4303958430533066,0.6824212271973465,0.497977882237861,0.6694756554307116,0.513291393353206,0.6405038759689923,0.4578596279078987,transformer,246723.0,19.0,0.5745508996178573,16.698907677084208,2804761088,43,,,,,
metric_type,categorical,transformer,Datadog/Toto-Open-Base-1.0,pretrained,frozen,,,[],43,-2,window,window,metric_type__transformer__window.pt,0.8081597222222222,0.7790998019018439,0.4687800192122959,0.4143034381289791,0.4494494494494494,0.4043925637568833,0.4097222222222222,0.3733528120143555,0.3611911623439001,0.3298163430996024,0.4214214214214214,0.390223101860624,0.3324652777777778,0.3289150471194889,0.297790585975024,0.2971276695967186,0.3213213213213213,0.3192713353914294,transformer,246723.0,15.0,0.4143034381289791,16.580796780996025,2709901824,43,,,,,
cardinality_bucket,categorical,gbdt,Datadog/Toto-Open-Base-1.0,pretrained,frozen,,,[],43,-3,window,window,cardinality_bucket__gbdt__window.pt,0.9991708126036484,0.9993772137600944,0.8361423220973783,0.6702935435722761,0.8187984496124031,0.6922748096647401,,,,,,,0.4029850746268656,0.2505071252681706,0.4578651685393258,0.2148390442874979,0.4282945736434108,0.222790911028561,gbdt_spectral_autocorrelation_last_patch,,,,4.138041718862951,0,43,"{'last_patch': ['last_patch_mean', 'last_patch_std', 'last_patch_zero_fraction', 'last_patch_abs_mean', 'last_patch_abs_max', 'last_patch_variate_mean_std'], 'spectral': ['spectral_low_band_power', 'spectral_mid_band_power', 'spectral_high_band_power', 'spectral_entropy', 'spectral_dominant_frequency', 'spectral_flatness'], 'autocorrelation': ['autocorr_lag_1', 'autocorr_lag_patch', 'autocorr_lag_2patch']}","['last_patch_mean', 'last_patch_std', 'last_patch_zero_fraction', 'last_patch_abs_mean', 'last_patch_abs_max', 'last_patch_variate_mean_std', 'spectral_low_band_power', 'spectral_mid_band_power', 'spectral_high_band_power', 'spectral_entropy', 'spectral_dominant_frequency', 'spectral_flatness', 'autocorr_lag_1', 'autocorr_lag_patch', 'autocorr_lag_2patch']",15.0,hist_gradient_boosting,"{'backend': 'auto', 'max_iter': 300, 'learning_rate': 0.05, 'max_leaf_nodes': 31, 'max_depth': 6, 'min_samples_leaf': 20, 'l2_regularization': 0.0001, 'n_jobs': 1, 'seed': 43, 'resolved_backend': 'hist_gradient_boosting'}"
domain,categorical,gbdt,Datadog/Toto-Open-Base-1.0,pretrained,frozen,,,[],43,-3,window,window,domain__gbdt__window.pt,0.997005988023952,0.9976220156914052,0.5806831566548881,0.4742065276369007,0.6084262701363073,0.5152778371498178,,,,,,,0.405189620758483,0.3336599787137651,0.464075382803298,0.33779013711821,0.4423791821561338,0.2940766378042929,gbdt_spectral_autocorrelation_last_patch,,,,3.5394274690188468,0,43,"{'last_patch': ['last_patch_mean', 'last_patch_std', 'last_patch_zero_fraction', 'last_patch_abs_mean', 'last_patch_abs_max', 'last_patch_variate_mean_std'], 'spectral': ['spectral_low_band_power', 'spectral_mid_band_power', 'spectral_high_band_power', 'spectral_entropy', 'spectral_dominant_frequency', 'spectral_flatness'], 'autocorrelation': ['autocorr_lag_1', 'autocorr_lag_patch', 'autocorr_lag_2patch']}","['last_patch_mean', 'last_patch_std', 'last_patch_zero_fraction', 'last_patch_abs_mean', 'last_patch_abs_max', 'last_patch_variate_mean_std', 'spectral_low_band_power', 'spectral_mid_band_power', 'spectral_high_band_power', 'spectral_entropy', 'spectral_dominant_frequency', 'spectral_flatness', 'autocorr_lag_1', 'autocorr_lag_patch', 'autocorr_lag_2patch']",15.0,hist_gradient_boosting,"{'backend': 'auto', 'max_iter': 300, 'learning_rate': 0.05, 'max_leaf_nodes': 31, 'max_depth': 6, 'min_samples_leaf': 20, 'l2_regularization': 0.0001, 'n_jobs': 1, 'seed': 43, 'resolved_backend': 'hist_gradient_boosting'}"
frequency_bucket,categorical,gbdt,Datadog/Toto-Open-Base-1.0,pretrained,frozen,,,[],43,-3,window,window,frequency_bucket__gbdt__window.pt,1.0,1.0,0.8520599250936329,0.6090812213316036,0.8343023255813954,0.5863514156526957,,,,,,,0.7976782752902156,0.5039814446474685,0.8436329588014981,0.4692022677559037,0.8323643410852714,0.4654594774235851,gbdt_spectral_autocorrelation_last_patch,,,,1.2764693840872496,0,43,"{'last_patch': ['last_patch_mean', 'last_patch_std', 'last_patch_zero_fraction', 'last_patch_abs_mean', 'last_patch_abs_max', 'last_patch_variate_mean_std'], 'spectral': ['spectral_low_band_power', 'spectral_mid_band_power', 'spectral_high_band_power', 'spectral_entropy', 'spectral_dominant_frequency', 'spectral_flatness'], 'autocorrelation': ['autocorr_lag_1', 'autocorr_lag_patch', 'autocorr_lag_2patch']}","['last_patch_mean', 'last_patch_std', 'last_patch_zero_fraction', 'last_patch_abs_mean', 'last_patch_abs_max', 'last_patch_variate_mean_std', 'spectral_low_band_power', 'spectral_mid_band_power', 'spectral_high_band_power', 'spectral_entropy', 'spectral_dominant_frequency', 'spectral_flatness', 'autocorr_lag_1', 'autocorr_lag_patch', 'autocorr_lag_2patch']",15.0,hist_gradient_boosting,"{'backend': 'auto', 'max_iter': 300, 'learning_rate': 0.05, 'max_leaf_nodes': 31, 'max_depth': 6, 'min_samples_leaf': 20, 'l2_regularization': 0.0001, 'n_jobs': 1, 'seed': 43, 'resolved_backend': 'hist_gradient_boosting'}"
metric_type,categorical,gbdt,Datadog/Toto-Open-Base-1.0,pretrained,frozen,,,[],43,-3,window,window,metric_type__gbdt__window.pt,0.9973958333333334,0.997880526182413,0.5331412103746398,0.4749588925128548,0.5675675675675675,0.4998378630177928,,,,,,,0.3802083333333333,0.3205977540634504,0.414985590778098,0.3210774346523219,0.4174174174174174,0.3165200461414071,gbdt_spectral_autocorrelation_last_patch,,,,3.5712809679098427,0,43,"{'last_patch': ['last_patch_mean', 'last_patch_std', 'last_patch_zero_fraction', 'last_patch_abs_mean', 'last_patch_abs_max', 'last_patch_variate_mean_std'], 'spectral': ['spectral_low_band_power', 'spectral_mid_band_power', 'spectral_high_band_power', 'spectral_entropy', 'spectral_dominant_frequency', 'spectral_flatness'], 'autocorrelation': ['autocorr_lag_1', 'autocorr_lag_patch', 'autocorr_lag_2patch']}","['last_patch_mean', 'last_patch_std', 'last_patch_zero_fraction', 'last_patch_abs_mean', 'last_patch_abs_max', 'last_patch_variate_mean_std', 'spectral_low_band_power', 'spectral_mid_band_power', 'spectral_high_band_power', 'spectral_entropy', 'spectral_dominant_frequency', 'spectral_flatness', 'autocorr_lag_1', 'autocorr_lag_patch', 'autocorr_lag_2patch']",15.0,hist_gradient_boosting,"{'backend': 'auto', 'max_iter': 300, 'learning_rate': 0.05, 'max_leaf_nodes': 31, 'max_depth': 6, 'min_samples_leaf': 20, 'l2_regularization': 0.0001, 'n_jobs': 1, 'seed': 43, 'resolved_backend': 'hist_gradient_boosting'}"
cardinality_bucket,categorical,fno,Datadog/Toto-Open-Base-1.0,pretrained,frozen,,,[],44,-2,window,window,cardinality_bucket__fno__window.pt,0.9951573849878934,0.995153080989297,0.9757751937984496,0.9563201511830682,0.9748062015503876,0.9553103305881808,0.7578692493946732,0.6274284543240832,0.7693798449612403,0.6005219953984762,0.7306201550387597,0.579948862364598,0.3640032284100081,0.2753783922905738,0.4001937984496124,0.2879311661431388,0.376937984496124,0.2745947451819613,fno,105924.0,16.0,0.9563201511830682,12.993927909061313,3987855872,44,,,,,
domain,categorical,fno,Datadog/Toto-Open-Base-1.0,pretrained,frozen,,,[],44,-2,window,window,domain__fno__window.pt,0.6416666666666667,0.5982653471748459,0.5132850241545893,0.4550544866840691,0.437956204379562,0.3815913149094487,0.440625,0.4302715325358934,0.4154589371980676,0.3919893630033937,0.3381995133819951,0.3219735249065211,0.290625,0.2748447204968944,0.2463768115942029,0.2388561702668159,0.278588807785888,0.2550906316611065,fno,105891.0,16.0,0.4550544866840691,9.94694275711663,3153883648,44,,,,,
frequency_bucket,categorical,fno,Datadog/Toto-Open-Base-1.0,pretrained,frozen,,,[],44,-2,window,window,frequency_bucket__fno__window.pt,0.8692493946731235,0.736756373937677,0.8362403100775194,0.6834327098478041,0.8187984496124031,0.59778157103287,0.4035512510088781,0.3810967098703888,0.3885658914728682,0.3751893788565403,0.375,0.3533099582921647,0.8337368845843423,0.4862025928013527,0.8178294573643411,0.3101844411810885,0.811046511627907,0.4719426914548866,fno,105891.0,17.0,0.6834327098478041,13.071914260042831,3987855872,44,,,,,
metric_type,categorical,fno,Datadog/Toto-Open-Base-1.0,pretrained,frozen,,,[],44,-2,window,window,metric_type__fno__window.pt,0.509212730318258,0.5133037275331073,0.3303393213572854,0.3219121367612735,0.3506097560975609,0.3308436058361288,0.4020100502512563,0.3997224214575209,0.3722554890219561,0.3646257257970253,0.3526422764227642,0.3385619815325808,0.3919597989949748,0.2428295561207163,0.3932135728542914,0.2283784132066518,0.4298780487804878,0.2538859761539979,fno,105891.0,20.0,0.3219121367612735,13.139856043970212,3839588864,44,,,,,
cardinality_bucket,categorical,cnn,Datadog/Toto-Open-Base-1.0,pretrained,frozen,,,[],44,-2,window,window,cardinality_bucket__cnn__window.pt,0.9919289749798224,0.9933328267751568,0.9815891472868216,0.9682345763189428,0.9709302325581396,0.9494122223419008,0.7578692493946732,0.6274284543240832,0.7693798449612403,0.6005219953984762,0.7306201550387597,0.579948862364598,0.1267150928167877,0.1431061893048183,0.0891472868217054,0.1030906860722421,0.1027131782945736,0.1117521827064487,cnn,39556.0,5.0,0.9682345763189428,11.250283910892904,3225158144,44,,,,,
domain,categorical,cnn,Datadog/Toto-Open-Base-1.0,pretrained,frozen,,,[],44,-2,window,window,domain__cnn__window.pt,0.7135416666666666,0.692986781981732,0.5289855072463768,0.4738014262714184,0.4829683698296837,0.4298852994379802,0.440625,0.4302715325358934,0.4154589371980676,0.3919893630033937,0.3381995133819951,0.3219735249065211,0.3447916666666666,0.2828350424182791,0.3478260869565217,0.2868934063711872,0.327250608272506,0.2773800023789167,cnn,39523.0,20.0,0.4738014262714184,8.783651279984042,2551451648,44,,,,,
frequency_bucket,categorical,cnn,Datadog/Toto-Open-Base-1.0,pretrained,frozen,,,[],44,-2,window,window,frequency_bucket__cnn__window.pt,0.778046811945117,0.6463986052086739,0.7151162790697675,0.5509377664109122,0.7199612403100775,0.5440629954000884,0.4035512510088781,0.3810967098703888,0.3885658914728682,0.3751893788565403,0.375,0.3533099582921647,0.7562550443906376,0.4721262908413746,0.7558139534883721,0.4697549239489459,0.7538759689922481,0.512726137098753,cnn,39523.0,20.0,0.5509377664109122,11.209232340799645,3225158144,44,,,,,
metric_type,categorical,cnn,Datadog/Toto-Open-Base-1.0,pretrained,frozen,,,[],44,-2,window,window,metric_type__cnn__window.pt,0.6725293132328308,0.641599773617011,0.5249500998003992,0.472021121948574,0.5172764227642277,0.4472660096733029,0.4020100502512563,0.3997224214575209,0.3722554890219561,0.3646257257970253,0.3526422764227642,0.3385619815325808,0.3969849246231156,0.2875092371155363,0.4151696606786427,0.2797018157317897,0.4095528455284553,0.2706871140899601,cnn,39523.0,19.0,0.472021121948574,9.975176834966987,3105341952,44,,,,,
cardinality_bucket,categorical,transformer,Datadog/Toto-Open-Base-1.0,pretrained,frozen,,,[],44,-2,window,window,cardinality_bucket__transformer__window.pt,0.9983857949959644,0.9975409309103378,0.9815891472868216,0.9634718808989564,0.9622093023255814,0.9291026384301024,0.7578692493946732,0.6274284543240832,0.7693798449612403,0.6005219953984762,0.7306201550387597,0.579948862364598,0.2510088781275222,0.2343161816735302,0.250968992248062,0.22174173114942,0.2645348837209302,0.2374132094871706,transformer,246756.0,6.0,0.9634718808989564,14.689136406872422,2803010560,44,,,,,
domain,categorical,transformer,Datadog/Toto-Open-Base-1.0,pretrained,frozen,,,[],44,-2,window,window,domain__transformer__window.pt,0.8447916666666667,0.8239214124907194,0.5096618357487923,0.4513151324220026,0.4914841849148418,0.4439208624329936,0.440625,0.4302715325358934,0.4154589371980676,0.3919893630033937,0.3381995133819951,0.3219735249065211,0.3302083333333333,0.2911009273999534,0.3285024154589372,0.2960149014607191,0.3126520681265207,0.273704714502439,transformer,246723.0,14.0,0.4513151324220026,11.629938181024045,2219275264,44,,,,,
frequency_bucket,categorical,transformer,Datadog/Toto-Open-Base-1.0,pretrained,frozen,,,[],44,-2,window,window,frequency_bucket__transformer__window.pt,0.8482647296206618,0.7115436055439424,0.7558139534883721,0.5604651162790698,0.7558139534883721,0.5563259178381329,0.4035512510088781,0.3810967098703888,0.3885658914728682,0.3751893788565403,0.375,0.3533099582921647,0.7659402744148507,0.5081394966817794,0.7374031007751938,0.4842806959311813,0.752906976744186,0.5040920508872863,transformer,246723.0,6.0,0.5604651162790698,14.474243823904544,2803010560,44,,,,,
metric_type,categorical,transformer,Datadog/Toto-Open-Base-1.0,pretrained,frozen,,,[],44,-2,window,window,metric_type__transformer__window.pt,0.8534338358458962,0.8404007006005147,0.4441117764471058,0.3906104968324662,0.4888211382113821,0.420422279045505,0.4020100502512563,0.3997224214575209,0.3722554890219561,0.3646257257970253,0.3526422764227642,0.3385619815325808,0.3358458961474037,0.3108623935149311,0.3473053892215569,0.3156222897260967,0.3241869918699187,0.2908929196726154,transformer,246723.0,18.0,0.3906104968324662,13.902980760904027,2698679296,44,,,,,
cardinality_bucket,categorical,gbdt,Datadog/Toto-Open-Base-1.0,pretrained,frozen,,,[],44,-3,window,window,cardinality_bucket__gbdt__window.pt,0.9983857949959644,0.9987986484795396,0.8178294573643411,0.6576925207062703,0.7984496124031008,0.6469213472042084,,,,,,,0.390637610976594,0.281059185814094,0.4651162790697674,0.2316100618609693,0.4263565891472868,0.2094415827796839,gbdt_spectral_autocorrelation_last_patch,,,,4.147739397129044,0,44,"{'last_patch': ['last_patch_mean', 'last_patch_std', 'last_patch_zero_fraction', 'last_patch_abs_mean', 'last_patch_abs_max', 'last_patch_variate_mean_std'], 'spectral': ['spectral_low_band_power', 'spectral_mid_band_power', 'spectral_high_band_power', 'spectral_entropy', 'spectral_dominant_frequency', 'spectral_flatness'], 'autocorrelation': ['autocorr_lag_1', 'autocorr_lag_patch', 'autocorr_lag_2patch']}","['last_patch_mean', 'last_patch_std', 'last_patch_zero_fraction', 'last_patch_abs_mean', 'last_patch_abs_max', 'last_patch_variate_mean_std', 'spectral_low_band_power', 'spectral_mid_band_power', 'spectral_high_band_power', 'spectral_entropy', 'spectral_dominant_frequency', 'spectral_flatness', 'autocorr_lag_1', 'autocorr_lag_patch', 'autocorr_lag_2patch']",15.0,hist_gradient_boosting,"{'backend': 'auto', 'max_iter': 300, 'learning_rate': 0.05, 'max_leaf_nodes': 31, 'max_depth': 6, 'min_samples_leaf': 20, 'l2_regularization': 0.0001, 'n_jobs': 1, 'seed': 44, 'resolved_backend': 'hist_gradient_boosting'}"
domain,categorical,gbdt,Datadog/Toto-Open-Base-1.0,pretrained,frozen,,,[],44,-3,window,window,domain__gbdt__window.pt,1.0,1.0,0.607487922705314,0.5030634451687083,0.5462287104622872,0.4675649425938049,,,,,,,0.3958333333333333,0.3224318348192403,0.4516908212560386,0.3288981421852377,0.402676399026764,0.2859348147182839,gbdt_spectral_autocorrelation_last_patch,,,,3.54549550707452,0,44,"{'last_patch': ['last_patch_mean', 'last_patch_std', 'last_patch_zero_fraction', 'last_patch_abs_mean', 'last_patch_abs_max', 'last_patch_variate_mean_std'], 'spectral': ['spectral_low_band_power', 'spectral_mid_band_power', 'spectral_high_band_power', 'spectral_entropy', 'spectral_dominant_frequency', 'spectral_flatness'], 'autocorrelation': ['autocorr_lag_1', 'autocorr_lag_patch', 'autocorr_lag_2patch']}","['last_patch_mean', 'last_patch_std', 'last_patch_zero_fraction', 'last_patch_abs_mean', 'last_patch_abs_max', 'last_patch_variate_mean_std', 'spectral_low_band_power', 'spectral_mid_band_power', 'spectral_high_band_power', 'spectral_entropy', 'spectral_dominant_frequency', 'spectral_flatness', 'autocorr_lag_1', 'autocorr_lag_patch', 'autocorr_lag_2patch']",15.0,hist_gradient_boosting,"{'backend': 'auto', 'max_iter': 300, 'learning_rate': 0.05, 'max_leaf_nodes': 31, 'max_depth': 6, 'min_samples_leaf': 20, 'l2_regularization': 0.0001, 'n_jobs': 1, 'seed': 44, 'resolved_backend': 'hist_gradient_boosting'}"
frequency_bucket,categorical,gbdt,Datadog/Toto-Open-Base-1.0,pretrained,frozen,,,[],44,-3,window,window,frequency_bucket__gbdt__window.pt,1.0,1.0,0.8449612403100775,0.6144038111251227,0.8313953488372093,0.586808655554226,,,,,,,0.7772397094430993,0.5224606756635982,0.8323643410852714,0.4761621134723889,0.8236434108527132,0.4774305555555556,gbdt_spectral_autocorrelation_last_patch,,,,1.262836443958804,0,44,"{'last_patch': ['last_patch_mean', 'last_patch_std', 'last_patch_zero_fraction', 'last_patch_abs_mean', 'last_patch_abs_max', 'last_patch_variate_mean_std'], 'spectral': ['spectral_low_band_power', 'spectral_mid_band_power', 'spectral_high_band_power', 'spectral_entropy', 'spectral_dominant_frequency', 'spectral_flatness'], 'autocorrelation': ['autocorr_lag_1', 'autocorr_lag_patch', 'autocorr_lag_2patch']}","['last_patch_mean', 'last_patch_std', 'last_patch_zero_fraction', 'last_patch_abs_mean', 'last_patch_abs_max', 'last_patch_variate_mean_std', 'spectral_low_band_power', 'spectral_mid_band_power', 'spectral_high_band_power', 'spectral_entropy', 'spectral_dominant_frequency', 'spectral_flatness', 'autocorr_lag_1', 'autocorr_lag_patch', 'autocorr_lag_2patch']",15.0,hist_gradient_boosting,"{'backend': 'auto', 'max_iter': 300, 'learning_rate': 0.05, 'max_leaf_nodes': 31, 'max_depth': 6, 'min_samples_leaf': 20, 'l2_regularization': 0.0001, 'n_jobs': 1, 'seed': 44, 'resolved_backend': 'hist_gradient_boosting'}"
metric_type,categorical,gbdt,Datadog/Toto-Open-Base-1.0,pretrained,frozen,,,[],44,-3,window,window,metric_type__gbdt__window.pt,1.0,1.0,0.5329341317365269,0.4614496321793333,0.5630081300813008,0.4946597898656262,,,,,,,0.3576214405360134,0.3241584464578373,0.3912175648702595,0.3086875430576445,0.4308943089430894,0.3309729525910807,gbdt_spectral_autocorrelation_last_patch,,,,3.471679833950475,0,44,"{'last_patch': ['last_patch_mean', 'last_patch_std', 'last_patch_zero_fraction', 'last_patch_abs_mean', 'last_patch_abs_max', 'last_patch_variate_mean_std'], 'spectral': ['spectral_low_band_power', 'spectral_mid_band_power', 'spectral_high_band_power', 'spectral_entropy', 'spectral_dominant_frequency', 'spectral_flatness'], 'autocorrelation': ['autocorr_lag_1', 'autocorr_lag_patch', 'autocorr_lag_2patch']}","['last_patch_mean', 'last_patch_std', 'last_patch_zero_fraction', 'last_patch_abs_mean', 'last_patch_abs_max', 'last_patch_variate_mean_std', 'spectral_low_band_power', 'spectral_mid_band_power', 'spectral_high_band_power', 'spectral_entropy', 'spectral_dominant_frequency', 'spectral_flatness', 'autocorr_lag_1', 'autocorr_lag_patch', 'autocorr_lag_2patch']",15.0,hist_gradient_boosting,"{'backend': 'auto', 'max_iter': 300, 'learning_rate': 0.05, 'max_leaf_nodes': 31, 'max_depth': 6, 'min_samples_leaf': 20, 'l2_regularization': 0.0001, 'n_jobs': 1, 'seed': 44, 'resolved_backend': 'hist_gradient_boosting'}"
cardinality_bucket,categorical,fno,Datadog/Toto-Open-Base-1.0,pretrained,frozen,,,[],45,-2,window,window,cardinality_bucket__fno__window.pt,0.9991869918699188,0.9985204635880758,0.9864734299516909,0.9785337598429256,0.9886363636363636,0.9810723297112466,0.765040650406504,0.6418372749513647,0.6985507246376812,0.5387028896872458,0.7272727272727273,0.6040215305249265,0.091869918699187,0.1023468660637264,0.1053140096618357,0.1151119813563045,0.0956439393939393,0.1043243285020767,fno,105924.0,20.0,0.9785337598429256,11.512023243820297,4008955392,45,,,,,
domain,categorical,fno,Datadog/Toto-Open-Base-1.0,pretrained,frozen,,,[],45,-2,window,window,domain__fno__window.pt,0.5955284552845529,0.5184638532952098,0.498220640569395,0.3891649520493572,0.4558823529411764,0.3343570341527742,0.483739837398374,0.3997002578113855,0.4922894424673784,0.395197210281263,0.4436274509803921,0.3831545606651588,0.4552845528455284,0.3170743151331351,0.4899169632265717,0.3357164761922165,0.4473039215686274,0.3274570592629891,fno,105891.0,10.0,0.3891649520493572,11.546043819980696,3193522688,45,,,,,
frequency_bucket,categorical,fno,Datadog/Toto-Open-Base-1.0,pretrained,frozen,,,[],45,-2,window,window,frequency_bucket__fno__window.pt,0.8674796747967479,0.7140346798383681,0.8589371980676328,0.6655792995998725,0.8390151515151515,0.6542053194440164,0.5227642276422764,0.4621222336368601,0.5043478260869565,0.4335084164738191,0.5246212121212122,0.4495408271341881,0.440650406504065,0.3676168157252857,0.4077294685990338,0.2221946236015919,0.4337121212121212,0.3673555259013477,fno,105891.0,11.0,0.6655792995998725,12.862450309097769,4008955392,45,,,,,
metric_type,categorical,fno,Datadog/Toto-Open-Base-1.0,pretrained,frozen,,,[],45,-2,window,window,metric_type__fno__window.pt,0.4273719563392107,0.4284254529810292,0.3453093812375249,0.3363861863357124,0.3156862745098039,0.3058082220867193,0.3870696893366918,0.3392820854548065,0.3832335329341317,0.3521632397958179,0.3794117647058823,0.3354208343830203,0.3937867338371116,0.2691140267751382,0.3862275449101796,0.2638421776060871,0.4333333333333333,0.2804945674516186,fno,105891.0,20.0,0.3363861863357124,13.689613247988746,3879354880,45,,,,,
cardinality_bucket,categorical,cnn,Datadog/Toto-Open-Base-1.0,pretrained,frozen,,,[],45,-2,window,window,cardinality_bucket__cnn__window.pt,1.0,1.0,0.9845410628019324,0.9764009108035852,0.9820075757575758,0.9694387344749044,0.765040650406504,0.6418372749513647,0.6985507246376812,0.5387028896872458,0.7272727272727273,0.6040215305249265,0.2089430894308943,0.1724947416866058,0.2154589371980676,0.1836566449460829,0.2149621212121212,0.189454379598997,cnn,39556.0,9.0,0.9764009108035852,9.851609541103244,3242447360,45,,,,,
domain,categorical,cnn,Datadog/Toto-Open-Base-1.0,pretrained,frozen,,,[],45,-2,window,window,domain__cnn__window.pt,0.6829268292682927,0.6537542624499146,0.5255041518386714,0.4386890302679775,0.4742647058823529,0.414916922686356,0.483739837398374,0.3997002578113855,0.4922894424673784,0.395197210281263,0.4436274509803921,0.3831545606651588,0.4563008130081301,0.3453222951280242,0.4685646500593119,0.3562180879857958,0.4252450980392157,0.3134028374238336,cnn,39523.0,9.0,0.4386890302679775,8.53805760294199,2583486464,45,,,,,
frequency_bucket,categorical,cnn,Datadog/Toto-Open-Base-1.0,pretrained,frozen,,,[],45,-2,window,window,frequency_bucket__cnn__window.pt,0.765040650406504,0.6378147227749708,0.7342995169082126,0.5630034959720323,0.7149621212121212,0.556670734683915,0.5227642276422764,0.4621222336368601,0.5043478260869565,0.4335084164738191,0.5246212121212122,0.4495408271341881,0.5317073170731708,0.4249350649350649,0.5342995169082125,0.4332671404682274,0.5236742424242424,0.4346720591756912,cnn,39523.0,11.0,0.5630034959720323,10.28573994501494,3242447360,45,,,,,
metric_type,categorical,cnn,Datadog/Toto-Open-Base-1.0,pretrained,frozen,,,[],45,-2,window,window,metric_type__cnn__window.pt,0.5877413937867338,0.5668998939416553,0.4301397205588822,0.4245785555900245,0.396078431372549,0.386011219531402,0.3870696893366918,0.3392820854548065,0.3832335329341317,0.3521632397958179,0.3794117647058823,0.3354208343830203,0.3509655751469353,0.3102648854224898,0.3243512974051896,0.2902825503598894,0.3294117647058823,0.2768162384446837,cnn,39523.0,17.0,0.4245785555900245,12.183286256855354,3138257408,45,,,,,
cardinality_bucket,categorical,transformer,Datadog/Toto-Open-Base-1.0,pretrained,frozen,,,[],45,-2,window,window,cardinality_bucket__transformer__window.pt,1.0,1.0,0.9690821256038648,0.9506674437739132,0.9744318181818182,0.9522173038554432,0.765040650406504,0.6418372749513647,0.6985507246376812,0.5387028896872458,0.7272727272727273,0.6040215305249265,0.2772357723577235,0.206452894068857,0.2840579710144927,0.2040268182987886,0.2831439393939394,0.2002689953957437,transformer,246756.0,10.0,0.9506674437739132,12.810020187171176,2817288704,45,,,,,
domain,categorical,transformer,Datadog/Toto-Open-Base-1.0,pretrained,frozen,,,[],45,-2,window,window,domain__transformer__window.pt,0.7896341463414634,0.7860834632639261,0.4887307236061684,0.4377617194956597,0.4914215686274509,0.461302909646385,0.483739837398374,0.3997002578113855,0.4922894424673784,0.395197210281263,0.4436274509803921,0.3831545606651588,0.3861788617886179,0.3155455706359242,0.4223013048635824,0.3511194248231835,0.3884803921568627,0.3373506427884525,transformer,246723.0,10.0,0.4377617194956597,16.622663107002154,2246984704,45,,,,,
frequency_bucket,categorical,transformer,Datadog/Toto-Open-Base-1.0,pretrained,frozen,,,[],45,-2,window,window,frequency_bucket__transformer__window.pt,0.9219512195121952,0.8566990291262135,0.7661835748792271,0.5701000988630747,0.7329545454545454,0.5512152777777778,0.5227642276422764,0.4621222336368601,0.5043478260869565,0.4335084164738191,0.5246212121212122,0.4495408271341881,0.6471544715447154,0.4766963109354414,0.6289855072463768,0.4777233447572591,0.6174242424242424,0.47921875,transformer,246723.0,17.0,0.5701000988630747,15.715933884959668,2817288704,45,,,,,
metric_type,categorical,transformer,Datadog/Toto-Open-Base-1.0,pretrained,frozen,,,[],45,-2,window,window,metric_type__transformer__window.pt,0.8261964735516373,0.807454166800628,0.4570858283433133,0.4299606488839007,0.4303921568627451,0.3893667330157879,0.3870696893366918,0.3392820854548065,0.3832335329341317,0.3521632397958179,0.3794117647058823,0.3354208343830203,0.308144416456759,0.2701870702454762,0.3483033932135728,0.31363206621945,0.3441176470588235,0.3083915541726359,transformer,246723.0,15.0,0.4299606488839007,22.093559355009347,2726777856,45,,,,,
cardinality_bucket,categorical,gbdt,Datadog/Toto-Open-Base-1.0,pretrained,frozen,,,[],45,-3,window,window,cardinality_bucket__gbdt__window.pt,0.997560975609756,0.996170496170496,0.7845410628019324,0.6291754657049254,0.7935606060606061,0.619097826784127,,,,,,,0.375609756097561,0.2571753183461254,0.4048309178743961,0.2163144053173863,0.3797348484848485,0.1870890545014112,gbdt_spectral_autocorrelation_last_patch,,,,4.187115414999425,0,45,"{'last_patch': ['last_patch_mean', 'last_patch_std', 'last_patch_zero_fraction', 'last_patch_abs_mean', 'last_patch_abs_max', 'last_patch_variate_mean_std'], 'spectral': ['spectral_low_band_power', 'spectral_mid_band_power', 'spectral_high_band_power', 'spectral_entropy', 'spectral_dominant_frequency', 'spectral_flatness'], 'autocorrelation': ['autocorr_lag_1', 'autocorr_lag_patch', 'autocorr_lag_2patch']}","['last_patch_mean', 'last_patch_std', 'last_patch_zero_fraction', 'last_patch_abs_mean', 'last_patch_abs_max', 'last_patch_variate_mean_std', 'spectral_low_band_power', 'spectral_mid_band_power', 'spectral_high_band_power', 'spectral_entropy', 'spectral_dominant_frequency', 'spectral_flatness', 'autocorr_lag_1', 'autocorr_lag_patch', 'autocorr_lag_2patch']",15.0,hist_gradient_boosting,"{'backend': 'auto', 'max_iter': 300, 'learning_rate': 0.05, 'max_leaf_nodes': 31, 'max_depth': 6, 'min_samples_leaf': 20, 'l2_regularization': 0.0001, 'n_jobs': 1, 'seed': 45, 'resolved_backend': 'hist_gradient_boosting'}"
domain,categorical,gbdt,Datadog/Toto-Open-Base-1.0,pretrained,frozen,,,[],45,-3,window,window,domain__gbdt__window.pt,1.0,1.0,0.571767497034401,0.4541523634630969,0.5514705882352942,0.4933150305554215,,,,,,,0.3790650406504065,0.3229384662387198,0.4199288256227758,0.3258194511833522,0.3982843137254901,0.3131846205640009,gbdt_spectral_autocorrelation_last_patch,,,,3.4893611688166857,0,45,"{'last_patch': ['last_patch_mean', 'last_patch_std', 'last_patch_zero_fraction', 'last_patch_abs_mean', 'last_patch_abs_max', 'last_patch_variate_mean_std'], 'spectral': ['spectral_low_band_power', 'spectral_mid_band_power', 'spectral_high_band_power', 'spectral_entropy', 'spectral_dominant_frequency', 'spectral_flatness'], 'autocorrelation': ['autocorr_lag_1', 'autocorr_lag_patch', 'autocorr_lag_2patch']}","['last_patch_mean', 'last_patch_std', 'last_patch_zero_fraction', 'last_patch_abs_mean', 'last_patch_abs_max', 'last_patch_variate_mean_std', 'spectral_low_band_power', 'spectral_mid_band_power', 'spectral_high_band_power', 'spectral_entropy', 'spectral_dominant_frequency', 'spectral_flatness', 'autocorr_lag_1', 'autocorr_lag_patch', 'autocorr_lag_2patch']",15.0,hist_gradient_boosting,"{'backend': 'auto', 'max_iter': 300, 'learning_rate': 0.05, 'max_leaf_nodes': 31, 'max_depth': 6, 'min_samples_leaf': 20, 'l2_regularization': 0.0001, 'n_jobs': 1, 'seed': 45, 'resolved_backend': 'hist_gradient_boosting'}"
frequency_bucket,categorical,gbdt,Datadog/Toto-Open-Base-1.0,pretrained,frozen,,,[],45,-3,window,window,frequency_bucket__gbdt__window.pt,1.0,1.0,0.8367149758454107,0.5719466802405115,0.8380681818181818,0.6262225451293801,,,,,,,0.759349593495935,0.5046368861024033,0.8521739130434782,0.4962061560486757,0.8285984848484849,0.463846617764625,gbdt_spectral_autocorrelation_last_patch,,,,1.261691494146362,0,45,"{'last_patch': ['last_patch_mean', 'last_patch_std', 'last_patch_zero_fraction', 'last_patch_abs_mean', 'last_patch_abs_max', 'last_patch_variate_mean_std'], 'spectral': ['spectral_low_band_power', 'spectral_mid_band_power', 'spectral_high_band_power', 'spectral_entropy', 'spectral_dominant_frequency', 'spectral_flatness'], 'autocorrelation': ['autocorr_lag_1', 'autocorr_lag_patch', 'autocorr_lag_2patch']}","['last_patch_mean', 'last_patch_std', 'last_patch_zero_fraction', 'last_patch_abs_mean', 'last_patch_abs_max', 'last_patch_variate_mean_std', 'spectral_low_band_power', 'spectral_mid_band_power', 'spectral_high_band_power', 'spectral_entropy', 'spectral_dominant_frequency', 'spectral_flatness', 'autocorr_lag_1', 'autocorr_lag_patch', 'autocorr_lag_2patch']",15.0,hist_gradient_boosting,"{'backend': 'auto', 'max_iter': 300, 'learning_rate': 0.05, 'max_leaf_nodes': 31, 'max_depth': 6, 'min_samples_leaf': 20, 'l2_regularization': 0.0001, 'n_jobs': 1, 'seed': 45, 'resolved_backend': 'hist_gradient_boosting'}"
metric_type,categorical,gbdt,Datadog/Toto-Open-Base-1.0,pretrained,frozen,,,[],45,-3,window,window,metric_type__gbdt__window.pt,1.0,1.0,0.5868263473053892,0.5296255505423061,0.5666666666666667,0.4943513176306067,,,,,,,0.3643996641477749,0.3048442337851778,0.4221556886227545,0.3391267112469638,0.4049019607843137,0.3138232167713166,gbdt_spectral_autocorrelation_last_patch,,,,3.522060823859647,0,45,"{'last_patch': ['last_patch_mean', 'last_patch_std', 'last_patch_zero_fraction', 'last_patch_abs_mean', 'last_patch_abs_max', 'last_patch_variate_mean_std'], 'spectral': ['spectral_low_band_power', 'spectral_mid_band_power', 'spectral_high_band_power', 'spectral_entropy', 'spectral_dominant_frequency', 'spectral_flatness'], 'autocorrelation': ['autocorr_lag_1', 'autocorr_lag_patch', 'autocorr_lag_2patch']}","['last_patch_mean', 'last_patch_std', 'last_patch_zero_fraction', 'last_patch_abs_mean', 'last_patch_abs_max', 'last_patch_variate_mean_std', 'spectral_low_band_power', 'spectral_mid_band_power', 'spectral_high_band_power', 'spectral_entropy', 'spectral_dominant_frequency', 'spectral_flatness', 'autocorr_lag_1', 'autocorr_lag_patch', 'autocorr_lag_2patch']",15.0,hist_gradient_boosting,"{'backend': 'auto', 'max_iter': 300, 'learning_rate': 0.05, 'max_leaf_nodes': 31, 'max_depth': 6, 'min_samples_leaf': 20, 'l2_regularization': 0.0001, 'n_jobs': 1, 'seed': 45, 'resolved_backend': 'hist_gradient_boosting'}"
cardinality_bucket,categorical,fno,Datadog/Toto-Open-Base-1.0,pretrained,frozen,,,[],46,-2,window,window,cardinality_bucket__fno__window.pt,0.9950372208436724,0.9922097871406628,0.9895238095238096,0.981108956403074,0.9780324737344794,0.9562171599745092,0.7692307692307693,0.638472371220336,0.7638095238095238,0.6362404065606292,0.7516714422158548,0.6147733734729577,0.0802315963606286,0.0902187324644416,0.0752380952380952,0.0920149337782923,0.0630372492836676,0.0729276266670815,fno,105924.0,12.0,0.981108956403074,11.515970069915056,3990671872,46,,,,,
domain,categorical,fno,Datadog/Toto-Open-Base-1.0,pretrained,frozen,,,[],46,-2,window,window,domain__fno__window.pt,0.6036585365853658,0.5861481076341329,0.4225352112676056,0.3789333936371586,0.4398496240601504,0.4058753373291142,0.4227642276422764,0.414888887778288,0.4025821596244131,0.3930072918267865,0.4035087719298245,0.3959920588611218,0.4613821138211382,0.3443245148250262,0.4753521126760563,0.3532400765184122,0.4736842105263157,0.3609864626005429,fno,105891.0,16.0,0.3789333936371586,9.25907620601356,3182711296,46,,,,,
frequency_bucket,categorical,fno,Datadog/Toto-Open-Base-1.0,pretrained,frozen,,,[],46,-2,window,window,frequency_bucket__fno__window.pt,0.8544251447477254,0.7204301075268817,0.8095238095238095,0.6439736608323556,0.7917860553963706,0.6079055864770151,0.4383788254755996,0.4172898413593028,0.4361904761904762,0.4051105368934826,0.4221585482330468,0.3889731863374468,0.5301902398676592,0.4534601646515004,0.5838095238095238,0.4975774000164244,0.55396370582617,0.4425930675969151,fno,105891.0,18.0,0.6439736608323556,11.364222023868932,3990671872,46,,,,,
metric_type,categorical,fno,Datadog/Toto-Open-Base-1.0,pretrained,frozen,,,[],46,-2,window,window,metric_type__fno__window.pt,0.5844155844155844,0.5697817947817948,0.4368836291913215,0.4236225676925953,0.4281437125748503,0.4193582705771019,0.3844155844155844,0.3585588962367546,0.373767258382643,0.3412707330986901,0.3672654690618762,0.3408732460740993,0.3679653679653679,0.2742569452739582,0.3915187376725838,0.2965777419629559,0.3522954091816367,0.2573024765640944,fno,105891.0,17.0,0.4236225676925953,12.759645707905293,3832285696,46,,,,,
cardinality_bucket,categorical,cnn,Datadog/Toto-Open-Base-1.0,pretrained,frozen,,,[],46,-2,window,window,cardinality_bucket__cnn__window.pt,0.999172870140612,0.998686441984521,0.9828571428571428,0.9705756061722366,0.9770773638968482,0.95396270695413,0.7692307692307693,0.638472371220336,0.7638095238095238,0.6362404065606292,0.7516714422158548,0.6147733734729577,0.2952853598014888,0.2416637882508682,0.2685714285714285,0.2259072981208813,0.268385864374403,0.2236610400408293,cnn,39556.0,13.0,0.9705756061722366,8.982550511835143,3227984384,46,,,,,
domain,categorical,cnn,Datadog/Toto-Open-Base-1.0,pretrained,frozen,,,[],46,-2,window,window,domain__cnn__window.pt,0.7306910569105691,0.7099526603578382,0.5328638497652582,0.4736734138900524,0.4937343358395989,0.4527026656365573,0.4227642276422764,0.414888887778288,0.4025821596244131,0.3930072918267865,0.4035087719298245,0.3959920588611218,0.3729674796747967,0.3253293247185134,0.3544600938967136,0.3050614603656258,0.3521303258145363,0.3040811322444467,cnn,39523.0,19.0,0.4736734138900524,6.905834055040032,2574749696,46,,,,,
frequency_bucket,categorical,cnn,Datadog/Toto-Open-Base-1.0,pretrained,frozen,,,[],46,-2,window,window,frequency_bucket__cnn__window.pt,0.7981803143093466,0.6767521367521367,0.7361904761904762,0.5612665571530069,0.7440305635148042,0.5563334851244688,0.4383788254755996,0.4172898413593028,0.4361904761904762,0.4051105368934826,0.4221585482330468,0.3889731863374468,0.7998345740281224,0.4955203807159115,0.7914285714285715,0.4673865460382314,0.8108882521489972,0.4804152547470575,cnn,39523.0,18.0,0.5612665571530069,9.29592103883624,3227984384,46,,,,,
metric_type,categorical,cnn,Datadog/Toto-Open-Base-1.0,pretrained,frozen,,,[],46,-2,window,window,metric_type__cnn__window.pt,0.6458874458874458,0.6261171584132764,0.4921104536489152,0.4759748291163724,0.4461077844311377,0.4375640239402792,0.3844155844155844,0.3585588962367546,0.373767258382643,0.3412707330986901,0.3672654690618762,0.3408732460740993,0.3800865800865801,0.2887275111443237,0.4289940828402367,0.3205208814437715,0.3722554890219561,0.276446265125043,cnn,39523.0,18.0,0.4759748291163724,8.850600841920823,3097030656,46,,,,,
cardinality_bucket,categorical,transformer,Datadog/Toto-Open-Base-1.0,pretrained,frozen,,,[],46,-2,window,window,cardinality_bucket__transformer__window.pt,1.0,1.0,0.9723809523809523,0.9531371499932996,0.9637058261700095,0.9312566346717488,0.7692307692307693,0.638472371220336,0.7638095238095238,0.6362404065606292,0.7516714422158548,0.6147733734729577,0.184449958643507,0.1460192535269934,0.178095238095238,0.1348353997151564,0.2005730659025787,0.1618141727187911,transformer,246756.0,16.0,0.9531371499932996,12.01160389604047,2804761088,46,,,,,
domain,categorical,transformer,Datadog/Toto-Open-Base-1.0,pretrained,frozen,,,[],46,-2,window,window,domain__transformer__window.pt,0.8790650406504065,0.8646804292116873,0.4835680751173709,0.4373134223214109,0.4674185463659148,0.4373773316050317,0.4227642276422764,0.414888887778288,0.4025821596244131,0.3930072918267865,0.4035087719298245,0.3959920588611218,0.4227642276422764,0.3298968209642826,0.4460093896713615,0.3461660341668309,0.4448621553884712,0.3476299531208685,transformer,246723.0,18.0,0.4373134223214109,9.994801075896248,2239427584,46,,,,,
frequency_bucket,categorical,transformer,Datadog/Toto-Open-Base-1.0,pretrained,frozen,,,[],46,-2,window,window,frequency_bucket__transformer__window.pt,0.9032258064516128,0.8271753512927058,0.758095238095238,0.5742337164750958,0.7382999044890163,0.5464006527018822,0.4383788254755996,0.4172898413593028,0.4361904761904762,0.4051105368934826,0.4221585482330468,0.3889731863374468,0.5715467328370554,0.480993754640925,0.5552380952380952,0.4630861460129752,0.545367717287488,0.4515670393520556,transformer,246723.0,13.0,0.5742337164750958,12.21649394580163,2804761088,46,,,,,
metric_type,categorical,transformer,Datadog/Toto-Open-Base-1.0,pretrained,frozen,,,[],46,-2,window,window,metric_type__transformer__window.pt,0.8034632034632034,0.7862517927869849,0.4368836291913215,0.3986384046989129,0.4151696606786427,0.3825394154461796,0.3844155844155844,0.3585588962367546,0.373767258382643,0.3412707330986901,0.3672654690618762,0.3408732460740993,0.3705627705627705,0.32702940623036,0.3698224852071006,0.3300994454441565,0.3712574850299401,0.3395262313252308,transformer,246723.0,17.0,0.3986384046989129,12.538423995953051,2693124608,46,,,,,
cardinality_bucket,categorical,gbdt,Datadog/Toto-Open-Base-1.0,pretrained,frozen,,,[],46,-3,window,window,cardinality_bucket__gbdt__window.pt,1.0,1.0,0.8142857142857143,0.6668217279062394,0.8137535816618912,0.664520926216311,,,,,,,0.3664185277088503,0.2348254816477695,0.42,0.2009222893958784,0.4288443170964661,0.213055785910834,gbdt_spectral_autocorrelation_last_patch,,,,3.961691873148084,0,46,"{'last_patch': ['last_patch_mean', 'last_patch_std', 'last_patch_zero_fraction', 'last_patch_abs_mean', 'last_patch_abs_max', 'last_patch_variate_mean_std'], 'spectral': ['spectral_low_band_power', 'spectral_mid_band_power', 'spectral_high_band_power', 'spectral_entropy', 'spectral_dominant_frequency', 'spectral_flatness'], 'autocorrelation': ['autocorr_lag_1', 'autocorr_lag_patch', 'autocorr_lag_2patch']}","['last_patch_mean', 'last_patch_std', 'last_patch_zero_fraction', 'last_patch_abs_mean', 'last_patch_abs_max', 'last_patch_variate_mean_std', 'spectral_low_band_power', 'spectral_mid_band_power', 'spectral_high_band_power', 'spectral_entropy', 'spectral_dominant_frequency', 'spectral_flatness', 'autocorr_lag_1', 'autocorr_lag_patch', 'autocorr_lag_2patch']",15.0,hist_gradient_boosting,"{'backend': 'auto', 'max_iter': 300, 'learning_rate': 0.05, 'max_leaf_nodes': 31, 'max_depth': 6, 'min_samples_leaf': 20, 'l2_regularization': 0.0001, 'n_jobs': 1, 'seed': 46, 'resolved_backend': 'hist_gradient_boosting'}"
domain,categorical,gbdt,Datadog/Toto-Open-Base-1.0,pretrained,frozen,,,[],46,-3,window,window,domain__gbdt__window.pt,1.0,1.0,0.5762910798122066,0.4567840155973465,0.5914786967418546,0.5024930174474821,,,,,,,0.3963414634146341,0.3170527667095173,0.488262910798122,0.3577423752789836,0.4385964912280701,0.3125321376260692,gbdt_spectral_autocorrelation_last_patch,,,,3.4980160649865866,0,46,"{'last_patch': ['last_patch_mean', 'last_patch_std', 'last_patch_zero_fraction', 'last_patch_abs_mean', 'last_patch_abs_max', 'last_patch_variate_mean_std'], 'spectral': ['spectral_low_band_power', 'spectral_mid_band_power', 'spectral_high_band_power', 'spectral_entropy', 'spectral_dominant_frequency', 'spectral_flatness'], 'autocorrelation': ['autocorr_lag_1', 'autocorr_lag_patch', 'autocorr_lag_2patch']}","['last_patch_mean', 'last_patch_std', 'last_patch_zero_fraction', 'last_patch_abs_mean', 'last_patch_abs_max', 'last_patch_variate_mean_std', 'spectral_low_band_power', 'spectral_mid_band_power', 'spectral_high_band_power', 'spectral_entropy', 'spectral_dominant_frequency', 'spectral_flatness', 'autocorr_lag_1', 'autocorr_lag_patch', 'autocorr_lag_2patch']",15.0,hist_gradient_boosting,"{'backend': 'auto', 'max_iter': 300, 'learning_rate': 0.05, 'max_leaf_nodes': 31, 'max_depth': 6, 'min_samples_leaf': 20, 'l2_regularization': 0.0001, 'n_jobs': 1, 'seed': 46, 'resolved_backend': 'hist_gradient_boosting'}"
frequency_bucket,categorical,gbdt,Datadog/Toto-Open-Base-1.0,pretrained,frozen,,,[],46,-3,window,window,frequency_bucket__gbdt__window.pt,1.0,1.0,0.8095238095238095,0.549062049062049,0.828080229226361,0.5354100106496272,,,,,,,0.7543424317617866,0.5186463171864631,0.8285714285714286,0.4691070886843967,0.8299904489016237,0.4943950081389039,gbdt_spectral_autocorrelation_last_patch,,,,1.2270958670414984,0,46,"{'last_patch': ['last_patch_mean', 'last_patch_std', 'last_patch_zero_fraction', 'last_patch_abs_mean', 'last_patch_abs_max', 'last_patch_variate_mean_std'], 'spectral': ['spectral_low_band_power', 'spectral_mid_band_power', 'spectral_high_band_power', 'spectral_entropy', 'spectral_dominant_frequency', 'spectral_flatness'], 'autocorrelation': ['autocorr_lag_1', 'autocorr_lag_patch', 'autocorr_lag_2patch']}","['last_patch_mean', 'last_patch_std', 'last_patch_zero_fraction', 'last_patch_abs_mean', 'last_patch_abs_max', 'last_patch_variate_mean_std', 'spectral_low_band_power', 'spectral_mid_band_power', 'spectral_high_band_power', 'spectral_entropy', 'spectral_dominant_frequency', 'spectral_flatness', 'autocorr_lag_1', 'autocorr_lag_patch', 'autocorr_lag_2patch']",15.0,hist_gradient_boosting,"{'backend': 'auto', 'max_iter': 300, 'learning_rate': 0.05, 'max_leaf_nodes': 31, 'max_depth': 6, 'min_samples_leaf': 20, 'l2_regularization': 0.0001, 'n_jobs': 1, 'seed': 46, 'resolved_backend': 'hist_gradient_boosting'}"
metric_type,categorical,gbdt,Datadog/Toto-Open-Base-1.0,pretrained,frozen,,,[],46,-3,window,window,metric_type__gbdt__window.pt,1.0,1.0,0.5591715976331361,0.5040232241586893,0.5658682634730539,0.5073439623127713,,,,,,,0.3904761904761905,0.3423607104511086,0.4191321499013806,0.3317178167144604,0.3962075848303393,0.324548088758615,gbdt_spectral_autocorrelation_last_patch,,,,3.456685160053894,0,46,"{'last_patch': ['last_patch_mean', 'last_patch_std', 'last_patch_zero_fraction', 'last_patch_abs_mean', 'last_patch_abs_max', 'last_patch_variate_mean_std'], 'spectral': ['spectral_low_band_power', 'spectral_mid_band_power', 'spectral_high_band_power', 'spectral_entropy', 'spectral_dominant_frequency', 'spectral_flatness'], 'autocorrelation': ['autocorr_lag_1', 'autocorr_lag_patch', 'autocorr_lag_2patch']}","['last_patch_mean', 'last_patch_std', 'last_patch_zero_fraction', 'last_patch_abs_mean', 'last_patch_abs_max', 'last_patch_variate_mean_std', 'spectral_low_band_power', 'spectral_mid_band_power', 'spectral_high_band_power', 'spectral_entropy', 'spectral_dominant_frequency', 'spectral_flatness', 'autocorr_lag_1', 'autocorr_lag_patch', 'autocorr_lag_2patch']",15.0,hist_gradient_boosting,"{'backend': 'auto', 'max_iter': 300, 'learning_rate': 0.05, 'max_leaf_nodes': 31, 'max_depth': 6, 'min_samples_leaf': 20, 'l2_regularization': 0.0001, 'n_jobs': 1, 'seed': 46, 'resolved_backend': 'hist_gradient_boosting'}"
