label,task_type,method,model_id,weight_source,backbone_train_mode,checkpoint_path,randomize_scope,randomize_layers,seed,layer,token_position,pooling_mode,artifact_path,train_accuracy,train_macro_f1,val_accuracy,val_macro_f1,test_accuracy,test_macro_f1,baseline_train_accuracy,baseline_train_macro_f1,baseline_val_accuracy,baseline_val_macro_f1,baseline_test_accuracy,baseline_test_macro_f1,shuffled_train_accuracy,shuffled_train_macro_f1,shuffled_val_accuracy,shuffled_val_macro_f1,shuffled_test_accuracy,shuffled_test_macro_f1,suite_seed,source
cardinality_bucket,categorical,linear_probe,Datadog/Toto-Open-Base-1.0,pretrained,frozen,,full,[],42,11,all_context,series_mean,cardinality_bucket__layer_11__all_context__series_mean.pt,0.8187160062160063,0.8043258873922962,0.5673177083333333,0.4800542146102672,0.5410229400749064,0.4529597824421639,0.7801087801087802,0.6310716819559335,0.8,0.6407950174985702,0.7865168539325843,0.6526642151975545,0.2197940947940947,0.1987135371756827,0.2149088541666666,0.1985592417756291,0.2308052434456929,0.2163686266216032,42,pretrained
domain,categorical,linear_probe,Datadog/Toto-Open-Base-1.0,pretrained,frozen,,full,[],42,6,first_decode,series_mean,domain__layer_6__first_decode__series_mean.pt,0.975562072336266,0.9707665716909264,0.5617529880478087,0.5118509777422366,0.5651672433679354,0.4902675464898916,0.3890518084066471,0.3742380771401452,0.4249667994687915,0.400219479860032,0.3875432525951557,0.3648154914139569,0.3558162267839687,0.3029007720254314,0.3373173970783532,0.2983301245714283,0.3806228373702422,0.3428551919498706,42,pretrained
frequency_bucket,categorical,linear_probe,Datadog/Toto-Open-Base-1.0,pretrained,frozen,,full,[],42,5,first_decode,series_mean,frequency_bucket__layer_5__first_decode__series_mean.pt,0.9852369852369852,0.9712305800827092,0.8635416666666667,0.7695990150797591,0.8642322097378277,0.742071522437579,0.5027195027195027,0.4617680730606974,0.478125,0.4477912684060966,0.4747191011235955,0.4218364461856904,0.7218337218337219,0.4867643651529193,0.6447916666666667,0.4794878195761298,0.6807116104868914,0.499174201533331,42,pretrained
metric_type,categorical,linear_probe,Datadog/Toto-Open-Base-1.0,pretrained,frozen,,full,[],42,9,first_decode,series_mean,metric_type__layer_9__first_decode__series_mean.pt,0.9903614457831326,0.990741672517465,0.6004343105320304,0.5545107502328914,0.5487329434697856,0.5010998530114298,0.3670682730923695,0.3411676709397024,0.3680781758957654,0.3533098400156462,0.347953216374269,0.3325720813091838,0.3405622489959839,0.2994945962002691,0.3528773072747014,0.3210092877790768,0.3187134502923976,0.2906534429728202,42,pretrained
cardinality_bucket,categorical,linear_probe,Datadog/Toto-Open-Base-1.0,random_init,frozen,,full,[],42,11,first_decode,series_mean,cardinality_bucket__layer_11__first_decode__series_mean.pt,0.4475524475524475,0.4225863034286398,0.2875,0.2651041861560456,0.2612359550561798,0.246394724342498,0.7622377622377622,0.6139077245889796,0.7739583333333333,0.6153621489899659,0.7715355805243446,0.6440320602589389,0.222999222999223,0.1798418683464391,0.2083333333333333,0.1678360544226456,0.2106741573033707,0.1854690890864242,42,random_init
domain,categorical,linear_probe,Datadog/Toto-Open-Base-1.0,random_init,frozen,,full,[],42,0,all_context,series_mean,domain__layer_0__all_context__series_mean.pt,0.4927908113391984,0.4468805193960692,0.4853917662682603,0.4261575815521458,0.4165945790080738,0.3582996828457153,0.3880742913000977,0.3734561943902388,0.4223107569721115,0.4002423888571896,0.3886966551326413,0.3656848086711832,0.3215420332355816,0.2956069821446688,0.3240371845949535,0.2934253120373218,0.3316032295271049,0.2940550668398416,42,random_init
frequency_bucket,categorical,linear_probe,Datadog/Toto-Open-Base-1.0,random_init,frozen,,full,[],42,11,first_decode,series_mean,frequency_bucket__layer_11__first_decode__series_mean.pt,0.7707847707847708,0.6768074107052411,0.70625,0.6016105107014198,0.6676029962546817,0.5058796850787759,0.5027195027195027,0.4617680730606974,0.478125,0.4477912684060966,0.4747191011235955,0.4218364461856904,0.6402486402486403,0.4986331659813565,0.6375,0.5180027585570093,0.6385767790262172,0.4873965462358746,42,random_init
metric_type,categorical,linear_probe,Datadog/Toto-Open-Base-1.0,random_init,frozen,,full,[],42,0,first_decode,series_mean,metric_type__layer_0__first_decode__series_mean.pt,0.5775100401606426,0.5452230083499058,0.4885993485342019,0.4340132402934335,0.4122807017543859,0.3637810700065253,0.3670682730923695,0.3411676709397024,0.3680781758957654,0.3533098400156462,0.347953216374269,0.3325720813091838,0.3927710843373494,0.3561625496477984,0.4060803474484256,0.3802601877620599,0.3625730994152046,0.3355662807891619,42,random_init
cardinality_bucket,categorical,linear_probe,Datadog/Toto-Open-Base-1.0,pretrained,frozen,,full,[],43,11,all_context,series_mean,cardinality_bucket__layer_11__all_context__series_mean.pt,0.8300165837479271,0.8156589870978395,0.6068586142322098,0.5235989853374229,0.5787911821705426,0.5029922850817065,0.7860696517412935,0.6370346003813082,0.7846441947565543,0.6288303698026222,0.7625968992248062,0.6538912858909894,0.2077114427860696,0.189972535407974,0.2052317415730337,0.1897515070513676,0.2048207364341085,0.1947975687662075,43,pretrained
domain,categorical,linear_probe,Datadog/Toto-Open-Base-1.0,pretrained,frozen,,full,[],43,9,all_context,series_mean,domain__layer_9__all_context__series_mean.pt,0.7781936127744511,0.7440669581044839,0.5481448763250883,0.4763404521224499,0.5600991325898389,0.4907148546987968,0.4241516966067864,0.4160437050189278,0.408716136631331,0.3957265088793338,0.4114002478314746,0.3914636510649245,0.3796781437125748,0.3489908187748125,0.3409157832744405,0.3127741139208517,0.347041511771995,0.3200558560687145,43,pretrained
frequency_bucket,categorical,linear_probe,Datadog/Toto-Open-Base-1.0,pretrained,frozen,,full,[],43,4,first_decode,series_mean,frequency_bucket__layer_4__first_decode__series_mean.pt,0.9925373134328358,0.9819852715404136,0.8782771535580525,0.7534030520901418,0.876937984496124,0.7681001459724863,0.4461028192371476,0.4047137688869972,0.4082397003745318,0.3830020622175419,0.4738372093023256,0.4303958430533066,0.7802653399668324,0.5081921803803167,0.704119850187266,0.5102055033089516,0.6763565891472868,0.4840957666540941,43,pretrained
metric_type,categorical,linear_probe,Datadog/Toto-Open-Base-1.0,pretrained,frozen,,full,[],43,11,all_context,series_mean,metric_type__layer_11__all_context__series_mean.pt,0.7918294270833334,0.7787728800742465,0.6204971181556196,0.587030899404824,0.6200575575575575,0.5840814903643938,0.4079861111111111,0.3704832522887502,0.3611911623439001,0.3302126698584217,0.4204204204204204,0.3898302790623296,0.31396484375,0.3004707154247418,0.3185038424591738,0.3051151626351281,0.3315815815815816,0.3183780833049001,43,pretrained
cardinality_bucket,categorical,linear_probe,Datadog/Toto-Open-Base-1.0,random_init,frozen,,full,[],43,5,first_decode,series_mean,cardinality_bucket__layer_5__first_decode__series_mean.pt,0.4983416252072968,0.4602303808093118,0.3323970037453183,0.2859068370815467,0.3003875968992248,0.2690419507189129,0.7694859038142621,0.6220017195567058,0.7612359550561798,0.6060155878135767,0.7422480620155039,0.6329347299775476,0.2396351575456053,0.196118088278613,0.2050561797752809,0.1740519838605206,0.2461240310077519,0.2207658229575282,43,random_init
domain,categorical,linear_probe,Datadog/Toto-Open-Base-1.0,random_init,frozen,,full,[],43,0,all_context,series_mean,domain__layer_0__all_context__series_mean.pt,0.4507859281437126,0.4107409796839307,0.444125441696113,0.3880750420123125,0.4369578686493184,0.3766405730315248,0.4241516966067864,0.4160437050189278,0.408716136631331,0.3957265088793338,0.4114002478314746,0.3914636510649245,0.3799900199600798,0.3462529874927169,0.3518845700824499,0.3226211124877301,0.3670229244114003,0.3331484922165009,43,random_init
frequency_bucket,categorical,linear_probe,Datadog/Toto-Open-Base-1.0,random_init,frozen,,full,[],43,1,first_decode,series_mean,frequency_bucket__layer_1__first_decode__series_mean.pt,0.7844112769485904,0.6496270107672986,0.7088014981273408,0.5614993735667617,0.7063953488372093,0.557227674544726,0.4461028192371476,0.4047137688869972,0.4082397003745318,0.3830020622175419,0.4738372093023256,0.4303958430533066,0.599502487562189,0.4587511185074302,0.602996254681648,0.4706616729088639,0.6414728682170543,0.5006799874463856,43,random_init
metric_type,categorical,linear_probe,Datadog/Toto-Open-Base-1.0,random_init,frozen,,full,[],43,1,all_context,series_mean,metric_type__layer_1__all_context__series_mean.pt,0.4963107638888889,0.4599749835918112,0.4540105667627281,0.397812066479084,0.4547672672672673,0.4081184389960366,0.4079861111111111,0.3704832522887502,0.3611911623439001,0.3302126698584217,0.4204204204204204,0.3898302790623296,0.4053276909722222,0.370850540935678,0.3759606147934678,0.3499228766815156,0.3839464464464464,0.3604208515210071,43,random_init
cardinality_bucket,categorical,linear_probe,Datadog/Toto-Open-Base-1.0,pretrained,frozen,,full,[],44,11,all_context,series_mean,cardinality_bucket__layer_11__all_context__series_mean.pt,0.8069007263922519,0.7986473837793404,0.5550508720930233,0.4610844727209977,0.5588057170542635,0.4687509200596896,0.7756255044390638,0.6460050910176777,0.7790697674418605,0.61096563704119,0.750968992248062,0.59987582810675,0.2235169491525423,0.2081136901620585,0.230922965116279,0.2005952134136518,0.2358890503875969,0.2232340995045701,44,pretrained
domain,categorical,linear_probe,Datadog/Toto-Open-Base-1.0,pretrained,frozen,,full,[],44,5,final_context,series_mean,domain__layer_5__final_context__series_mean.pt,0.9385416666666668,0.9162389648720584,0.5471014492753623,0.5041501271386329,0.5036496350364964,0.4696496464828195,0.440625,0.4302715325358934,0.4154589371980676,0.3919893630033937,0.3381995133819951,0.3219735249065211,0.4104166666666666,0.340662177554078,0.3852657004830918,0.3404060455673359,0.3990267639902676,0.3474621977640892,44,pretrained
frequency_bucket,categorical,linear_probe,Datadog/Toto-Open-Base-1.0,pretrained,frozen,,full,[],44,5,first_decode,series_mean,frequency_bucket__layer_5__first_decode__series_mean.pt,0.9895076674737692,0.977676201669538,0.9108527131782944,0.8235071047759263,0.8972868217054264,0.7885834441386561,0.4035512510088781,0.3810967098703888,0.3885658914728682,0.3751893788565403,0.375,0.3533099582921647,0.7667473769168685,0.5248936861868337,0.6928294573643411,0.5018387307504306,0.6773255813953488,0.4866078164518668,44,pretrained
metric_type,categorical,linear_probe,Datadog/Toto-Open-Base-1.0,pretrained,frozen,,full,[],44,11,final_context,series_mean,metric_type__layer_11__final_context__series_mean.pt,0.981574539363484,0.9842729443818232,0.5968063872255489,0.5399808325846062,0.6067073170731707,0.5441861905066633,0.4020100502512563,0.3997224214575209,0.3722554890219561,0.3646257257970253,0.3526422764227642,0.3385619815325808,0.3149078726968174,0.2924457169814609,0.310379241516966,0.2909183240713222,0.3323170731707317,0.3061092290515659,44,pretrained
cardinality_bucket,categorical,linear_probe,Datadog/Toto-Open-Base-1.0,random_init,frozen,,full,[],44,1,first_decode,series_mean,cardinality_bucket__layer_1__first_decode__series_mean.pt,0.4196933010492332,0.4073388673659129,0.2858527131782946,0.265737747829094,0.2325581395348837,0.2186860755119069,0.7578692493946732,0.6274284543240832,0.7693798449612403,0.6005219953984762,0.7306201550387597,0.579948862364598,0.2389023405972558,0.2124385283621225,0.2393410852713178,0.2061787873699795,0.2102713178294573,0.1918111486493552,44,random_init
domain,categorical,linear_probe,Datadog/Toto-Open-Base-1.0,random_init,frozen,,full,[],44,0,all_context,series_mean,domain__layer_0__all_context__series_mean.pt,0.4679036458333333,0.4222310399488858,0.3902475845410628,0.3414399265408654,0.3923357664233576,0.3436189067905454,0.440625,0.4303280417720544,0.4190821256038647,0.3950860477857371,0.3381995133819951,0.322027734094812,0.3180338541666667,0.3116338411222268,0.296875,0.2876158101900879,0.2899178832116788,0.2807474420061701,44,random_init
frequency_bucket,categorical,linear_probe,Datadog/Toto-Open-Base-1.0,random_init,frozen,,full,[],44,11,first_decode,series_mean,frequency_bucket__layer_11__first_decode__series_mean.pt,0.7853107344632768,0.6725843241353001,0.7093023255813954,0.568155062461293,0.7277131782945736,0.583688762875498,0.4035512510088781,0.3810967098703888,0.3885658914728682,0.3751893788565403,0.375,0.3533099582921647,0.6505246166263116,0.5011451158924233,0.6453488372093024,0.5003069237770675,0.6375968992248062,0.4816911697561866,44,random_init
metric_type,categorical,linear_probe,Datadog/Toto-Open-Base-1.0,random_init,frozen,,full,[],44,-1,final_context,series_mean,metric_type__layer_-1__final_context__series_mean.pt,0.5217755443886097,0.4917933171654281,0.4421157684630739,0.3903246910818521,0.4491869918699187,0.3792138361476567,0.4020100502512563,0.3997224214575209,0.3722554890219561,0.3646257257970253,0.3526422764227642,0.3385619815325808,0.3936348408710218,0.3607408689380293,0.3812375249500998,0.3398272112495695,0.4054878048780488,0.3589259311698511,44,random_init
cardinality_bucket,categorical,linear_probe,Datadog/Toto-Open-Base-1.0,pretrained,frozen,,full,[],45,11,all_context,series_mean,cardinality_bucket__layer_11__all_context__series_mean.pt,0.8208841463414634,0.8173515813539362,0.5380434782608695,0.4439337058225889,0.5397135416666666,0.4459365436300846,0.7902439024390244,0.6638178296671083,0.7120772946859903,0.5482508990726684,0.7547348484848485,0.6322687804025924,0.22505081300813,0.201674271403598,0.2323067632850241,0.2183925468842928,0.2104048295454545,0.1970411900580624,45,pretrained
domain,categorical,linear_probe,Datadog/Toto-Open-Base-1.0,pretrained,frozen,,full,[],45,11,final_context,series_mean,domain__layer_11__final_context__series_mean.pt,0.9461382113821138,0.9293045023648872,0.527876631079478,0.4625617336021057,0.5073529411764706,0.4802554977720651,0.483739837398374,0.3997002578113855,0.4922894424673784,0.395197210281263,0.4436274509803921,0.3831545606651588,0.3739837398373983,0.339918931957379,0.365361803084223,0.3135546481375622,0.3247549019607843,0.2979032609834298,45,pretrained
frequency_bucket,categorical,linear_probe,Datadog/Toto-Open-Base-1.0,pretrained,frozen,,full,[],45,6,final_context,series_mean,frequency_bucket__layer_6__final_context__series_mean.pt,0.9951219512195122,0.990006770480704,0.885024154589372,0.7634449286579943,0.8787878787878788,0.7808204961893952,0.5227642276422764,0.4621222336368601,0.5043478260869565,0.4335084164738191,0.5246212121212122,0.4495408271341881,0.7504065040650406,0.4993629509226936,0.7014492753623188,0.507009904042545,0.6846590909090909,0.4732457027300303,45,pretrained
metric_type,categorical,linear_probe,Datadog/Toto-Open-Base-1.0,pretrained,frozen,,full,[],45,7,first_decode,series_mean,metric_type__layer_7__first_decode__series_mean.pt,0.984047019311503,0.9855133932639212,0.6357285429141717,0.6043177658889639,0.6127450980392157,0.5576780251467481,0.3870696893366918,0.3392820854548065,0.3832335329341317,0.3521632397958179,0.3794117647058823,0.3354208343830203,0.3610411418975651,0.3001777802098153,0.4131736526946107,0.3703781756520093,0.3892156862745098,0.3341517425317148,45,pretrained
cardinality_bucket,categorical,linear_probe,Datadog/Toto-Open-Base-1.0,random_init,frozen,,full,[],45,8,first_decode,series_mean,cardinality_bucket__layer_8__first_decode__series_mean.pt,0.473170731707317,0.4531905203691988,0.2869565217391304,0.2619298444577652,0.271780303030303,0.2501037966681664,0.765040650406504,0.6418372749513647,0.6985507246376812,0.5387028896872458,0.7272727272727273,0.6040215305249265,0.2520325203252032,0.2077220411957513,0.2492753623188406,0.2260500727804579,0.2026515151515151,0.1762436435431566,45,random_init
domain,categorical,linear_probe,Datadog/Toto-Open-Base-1.0,random_init,frozen,,full,[],45,-1,all_context,series_mean,domain__layer_-1__all_context__series_mean.pt,0.3944994918699187,0.3708685424244286,0.3881969157769869,0.3506829303653565,0.3943780637254901,0.358621789090005,0.4867886178861789,0.3972533089079384,0.498220640569395,0.3914374044940167,0.4571078431372549,0.3944720617214377,0.3445757113821138,0.3200391201189269,0.3529062870699881,0.3238030797601611,0.3639705882352941,0.3294253668073132,45,random_init
frequency_bucket,categorical,linear_probe,Datadog/Toto-Open-Base-1.0,random_init,frozen,,full,[],45,-1,final_context,series_mean,frequency_bucket__layer_-1__final_context__series_mean.pt,0.7373983739837399,0.5964021695072285,0.7101449275362319,0.5487338387126779,0.6647727272727273,0.5227941176470589,0.5227642276422764,0.4621222336368601,0.5043478260869565,0.4335084164738191,0.5246212121212122,0.4495408271341881,0.6707317073170732,0.4893969010189511,0.6927536231884058,0.516411989421099,0.6477272727272727,0.492517569243489,45,random_init
metric_type,categorical,linear_probe,Datadog/Toto-Open-Base-1.0,random_init,frozen,,full,[],45,5,first_decode,series_mean,metric_type__layer_5__first_decode__series_mean.pt,0.581024349286314,0.5594255740232543,0.4720558882235529,0.4284375814848631,0.4509803921568627,0.4013717847254581,0.3870696893366918,0.3392820854548065,0.3832335329341317,0.3521632397958179,0.3794117647058823,0.3354208343830203,0.3635600335852225,0.3302340008436934,0.3952095808383233,0.3663137183097968,0.3666666666666666,0.3329615312071116,45,random_init
cardinality_bucket,categorical,linear_probe,Datadog/Toto-Open-Base-1.0,pretrained,frozen,,full,[],46,11,all_context,series_mean,cardinality_bucket__layer_11__all_context__series_mean.pt,0.8113110008271298,0.7977212061947798,0.5414880952380953,0.4415949327205837,0.5713347659980897,0.4863555955900354,0.7915632754342432,0.6602202031187991,0.7838095238095238,0.6542531656986244,0.7745940783190067,0.6381330691248538,0.2827750206782465,0.2466961429782646,0.2859523809523809,0.2495519705246281,0.2867120343839541,0.2523092714975902,46,pretrained
domain,categorical,linear_probe,Datadog/Toto-Open-Base-1.0,pretrained,frozen,,full,[],46,7,first_decode,series_mean,domain__layer_7__first_decode__series_mean.pt,0.9532520325203252,0.9454519137699916,0.57981220657277,0.5042745450958629,0.5350877192982456,0.4895049340965824,0.4227642276422764,0.414888887778288,0.4025821596244131,0.3930072918267865,0.4035087719298245,0.3959920588611218,0.3922764227642276,0.3112427052334883,0.3427230046948357,0.2863928363107257,0.3308270676691729,0.2784272514065283,46,pretrained
frequency_bucket,categorical,linear_probe,Datadog/Toto-Open-Base-1.0,pretrained,frozen,,full,[],46,6,final_context,series_mean,frequency_bucket__layer_6__final_context__series_mean.pt,0.9909015715467328,0.9827907259624656,0.8761904761904762,0.7696995464852607,0.8643744030563515,0.7506975652290563,0.4383788254755996,0.4172898413593028,0.4361904761904762,0.4051105368934826,0.4221585482330468,0.3889731863374468,0.685690653432589,0.5076686327629368,0.6428571428571429,0.4958457691376945,0.626552053486151,0.4856458999503709,46,pretrained
metric_type,categorical,linear_probe,Datadog/Toto-Open-Base-1.0,pretrained,frozen,,full,[],46,10,first_decode,series_mean,metric_type__layer_10__first_decode__series_mean.pt,0.9774891774891776,0.9802147826913096,0.6232741617357002,0.5840330098175094,0.5798403193612774,0.5395836267216337,0.3844155844155844,0.3585588962367546,0.373767258382643,0.3412707330986901,0.3672654690618762,0.3408732460740993,0.406060606060606,0.3540941125626438,0.4457593688362919,0.4045744922100863,0.3882235528942115,0.3576220241694848,46,pretrained
cardinality_bucket,categorical,linear_probe,Datadog/Toto-Open-Base-1.0,random_init,frozen,,full,[],46,-1,final_context,series_mean,cardinality_bucket__layer_-1__final_context__series_mean.pt,0.4574028122415219,0.3843583830607145,0.3504761904761905,0.2782652010299069,0.3572110792741165,0.2681691021318644,0.7692307692307693,0.638472371220336,0.7638095238095238,0.6362404065606292,0.7516714422158548,0.6147733734729577,0.3639371381306865,0.26745742602723,0.3361904761904762,0.2432356010529052,0.3610315186246418,0.2563244673654515,46,random_init
domain,categorical,linear_probe,Datadog/Toto-Open-Base-1.0,random_init,frozen,,full,[],46,0,all_context,series_mean,domain__layer_0__all_context__series_mean.pt,0.4805005081300813,0.4292813703996586,0.439994131455399,0.3802113920533585,0.4197994987468672,0.3738456413626765,0.4217479674796748,0.4140252163566066,0.4037558685446009,0.393946800976356,0.4022556390977443,0.3945195195195195,0.3420985772357723,0.3212400919880755,0.3558538732394366,0.3259385225919582,0.3386591478696741,0.3191609579341896,46,random_init
frequency_bucket,categorical,linear_probe,Datadog/Toto-Open-Base-1.0,random_init,frozen,,full,[],46,10,first_decode,series_mean,frequency_bucket__layer_10__first_decode__series_mean.pt,0.8089330024813896,0.7166351624067429,0.6857142857142857,0.5392507805477398,0.7163323782234957,0.5676399063976875,0.4383788254755996,0.4172898413593028,0.4361904761904762,0.4051105368934826,0.4221585482330468,0.3889731863374468,0.5897435897435898,0.4841475751674018,0.6095238095238096,0.4889601139601139,0.5845272206303725,0.4692185323955644,46,random_init
metric_type,categorical,linear_probe,Datadog/Toto-Open-Base-1.0,random_init,frozen,,full,[],46,11,first_decode,series_mean,metric_type__layer_11__first_decode__series_mean.pt,0.6051948051948052,0.5903410811764646,0.4694280078895463,0.4241020113995264,0.4710578842315369,0.4361798840127276,0.3844155844155844,0.3585588962367546,0.373767258382643,0.3412707330986901,0.3672654690618762,0.3408732460740993,0.3212121212121212,0.3039934909993478,0.3116370808678501,0.2992005563156527,0.3303393213572854,0.3213181524582406,46,random_init
